1	e9	e7	C
1	e9	e28	C
1	e11	e7	C
1	e11	e9	C
1	e11	e28	C
1	e28	e7	C
1	e28	e32	C
1	e30	e29	C
1	e32	e7	C
1	e32	e45	C
1	e36	e12	C
1	e50	e47	C
1	e54	e50	C
1	e76	e75	C
1	e78	e68	C
1	e79	e69	C
1	e80	e70	C
1	e82	e81	C
1	e109	e112	C
1	e124	e123	C
1	e127	e123	C
1	e128	e127	C
1	e133	e136	C
1	e141	e175	C
1	e155	e149	C
1	e155	e152	C
1	e178	e181	C
1	e179	e180	C
1	e180	e181	C
1	e220	e218	C
1	e225	e223	C
1	e226	e228	C
1	e228	e229	C
1	e230	e229	C
1	e230	e231	C
1	e9	e32	C
1	e11	e32	C
1	e28	e45	C
1	e54	e47	C
1	e128	e123	C
1	e179	e181	C
1	e226	e229	C
1	e9	e45	C
1	e11	e45	C
1	e1	e192	NC
1	e2	e17	NC
1	e6	e171	NC
1	e13	e49	NC
1	e13	e205	NC
1	e16	e186	NC
1	e19	e133	NC
1	e24	e17	NC
1	e24	e204	NC
1	e26	e51	NC
1	e31	e43	NC
1	e34	e174	NC
1	e43	e157	NC
1	e44	e142	NC
1	e47	e76	NC
1	e48	e32	NC
1	e51	e72	NC
1	e53	e166	NC
1	e60	e95	NC
1	e66	e131	NC
1	e72	e4	NC
1	e77	e80	NC
1	e84	e242	NC
1	e96	e63	NC
1	e97	e122	NC
1	e101	e130	NC
1	e126	e232	NC
1	e128	e150	NC
1	e129	e111	NC
1	e140	e98	NC
1	e151	e203	NC
1	e152	e74	NC
1	e154	e56	NC
1	e154	e226	NC
1	e158	e166	NC
1	e165	e27	NC
1	e167	e128	NC
1	e174	e172	NC
1	e178	e239	NC
1	e179	e82	NC
1	e182	e136	NC
1	e199	e124	NC
1	e204	e133	NC
1	e229	e198	NC
2	e0	e1	C
2	e13	e21	C
2	e18	e26	C
2	e25	e31	C
2	e26	e32	C
2	e52	e54	C
2	e57	e59	C
2	e73	e71	C
2	e74	e72	C
2	e74	e73	C
2	e86	e87	C
2	e90	e88	C
2	e90	e91	C
2	e117	e121	C
2	e118	e123	C
2	e121	e142	C
2	e123	e143	C
2	e129	e126	C
2	e134	e133	C
2	e135	e138	C
2	e139	e141	C
2	e18	e32	C
2	e74	e71	C
2	e117	e142	C
2	e118	e143	C
2	e2	e41	NC
2	e2	e145	NC
2	e8	e82	NC
2	e10	e107	NC
2	e13	e94	NC
2	e16	e155	NC
2	e26	e20	NC
2	e31	e52	NC
2	e39	e114	NC
2	e43	e75	NC
2	e52	e93	NC
2	e53	e161	NC
2	e58	e110	NC
2	e61	e82	NC
2	e90	e14	NC
2	e97	e41	NC
2	e105	e53	NC
2	e106	e61	NC
2	e117	e13	NC
2	e119	e49	NC
2	e143	e82	NC
2	e146	e116	NC
2	e148	e29	NC
2	e161	e86	NC
2	e161	e129	NC
3	e51	e56	C
3	e52	e58	C
3	e54	e58	C
3	e55	e58	C
3	e56	e58	C
3	e56	e74	C
3	e58	e59	C
3	e65	e64	C
3	e66	e65	C
3	e68	e69	C
3	e74	e116	C
3	e77	e75	C
3	e78	e76	C
3	e80	e79	C
3	e83	e82	C
3	e126	e123	C
3	e161	e163	C
3	e164	e162	C
3	e167	e165	C
3	e168	e165	C
3	e178	e177	C
3	e188	e187	C
3	e219	e224	C
3	e224	e237	C
3	e234	e233	C
3	e236	e222	C
3	e236	e223	C
3	e237	e248	C
3	e245	e242	C
3	e245	e243	C
3	e246	e241	C
3	e246	e242	C
3	e246	e243	C
3	e262	e253	C
3	e263	e262	C
3	e266	e263	C
3	e271	e266	C
3	e51	e58	C
3	e51	e74	C
3	e52	e59	C
3	e54	e59	C
3	e55	e59	C
3	e56	e59	C
3	e56	e116	C
3	e66	e64	C
3	e219	e237	C
3	e224	e248	C
3	e263	e253	C
3	e266	e262	C
3	e271	e263	C
3	e51	e59	C
3	e51	e116	C
3	e219	e248	C
3	e266	e253	C
3	e271	e262	C
3	e271	e253	C
3	e2	e82	NC
3	e4	e193	NC
3	e6	e273	NC
3	e8	e65	NC
3	e13	e213	NC
3	e27	e249	NC
3	e32	e264	NC
3	e34	e236	NC
3	e36	e127	NC
3	e40	e154	NC
3	e46	e143	NC
3	e49	e170	NC
3	e49	e204	NC
3	e53	e7	NC
3	e64	e161	NC
3	e71	e250	NC
3	e73	e129	NC
3	e73	e270	NC
3	e74	e119	NC
3	e76	e152	NC
3	e78	e37	NC
3	e83	e186	NC
3	e84	e157	NC
3	e92	e188	NC
3	e106	e188	NC
3	e106	e194	NC
3	e110	e140	NC
3	e111	e266	NC
3	e113	e229	NC
3	e117	e87	NC
3	e124	e4	NC
3	e134	e198	NC
3	e137	e10	NC
3	e147	e255	NC
3	e148	e18	NC
3	e150	e101	NC
3	e152	e3	NC
3	e155	e246	NC
3	e160	e163	NC
3	e174	e99	NC
3	e174	e263	NC
3	e181	e214	NC
3	e193	e272	NC
3	e196	e142	NC
3	e209	e218	NC
3	e215	e231	NC
3	e219	e204	NC
3	e220	e27	NC
3	e224	e36	NC
3	e234	e124	NC
3	e236	e71	NC
3	e245	e253	NC
3	e253	e39	NC
3	e262	e179	NC
3	e263	e166	NC
3	e271	e206	NC
4	e46	e74	C
4	e76	e81	C
4	e92	e105	C
4	e99	e100	C
4	e102	e104	C
4	e105	e111	C
4	e107	e121	C
4	e111	e114	C
4	e114	e115	C
4	e115	e128	C
4	e121	e123	C
4	e128	e136	C
4	e136	e142	C
4	e142	e155	C
4	e196	e195	C
4	e203	e202	C
4	e223	e222	C
4	e229	e228	C
4	e92	e111	C
4	e105	e114	C
4	e107	e123	C
4	e111	e115	C
4	e114	e128	C
4	e115	e136	C
4	e128	e142	C
4	e136	e155	C
4	e92	e114	C
4	e105	e115	C
4	e111	e128	C
4	e114	e136	C
4	e115	e142	C
4	e128	e155	C
4	e92	e115	C
4	e105	e128	C
4	e111	e136	C
4	e114	e142	C
4	e115	e155	C
4	e92	e128	C
4	e105	e136	C
4	e111	e142	C
4	e114	e155	C
4	e92	e136	C
4	e105	e142	C
4	e111	e155	C
4	e92	e142	C
4	e105	e155	C
4	e92	e155	C
4	e0	e47	NC
4	e2	e95	NC
4	e4	e128	NC
4	e6	e105	NC
4	e6	e116	NC
4	e9	e125	NC
4	e16	e1	NC
4	e20	e29	NC
4	e27	e120	NC
4	e31	e45	NC
4	e33	e111	NC
4	e35	e223	NC
4	e43	e51	NC
4	e44	e145	NC
4	e69	e52	NC
4	e72	e193	NC
4	e85	e159	NC
4	e86	e64	NC
4	e87	e16	NC
4	e89	e25	NC
4	e102	e108	NC
4	e133	e94	NC
4	e135	e233	NC
4	e139	e97	NC
4	e147	e38	NC
4	e149	e44	NC
4	e150	e61	NC
4	e150	e127	NC
4	e152	e0	NC
4	e155	e163	NC
4	e162	e171	NC
4	e172	e19	NC
4	e181	e18	NC
4	e183	e126	NC
4	e185	e166	NC
4	e195	e172	NC
4	e199	e117	NC
4	e202	e205	NC
4	e209	e178	NC
4	e212	e148	NC
4	e218	e79	NC
4	e224	e34	NC
4	e229	e180	NC
4	e230	e201	NC
4	e235	e50	NC
4	e235	e116	NC
4	e236	e145	NC
5	e2	e3	C
5	e2	e7	C
5	e4	e3	C
5	e8	e3	C
5	e10	e25	C
5	e117	e114	C
5	e124	e125	C
5	e151	e164	C
5	e202	e203	C
5	e202	e206	C
5	e204	e203	C
5	e204	e208	C
5	e205	e202	C
5	e206	e207	C
5	e213	e210	C
5	e231	e232	C
5	e247	e253	C
5	e253	e258	C
5	e258	e259	C
5	e259	e265	C
5	e265	e269	C
5	e278	e286	C
5	e293	e292	C
5	e294	e298	C
5	e296	e295	C
5	e300	e299	C
5	e302	e304	C
5	e305	e311	C
5	e323	e322	C
5	e202	e207	C
5	e205	e203	C
5	e205	e206	C
5	e247	e258	C
5	e253	e259	C
5	e258	e265	C
5	e259	e269	C
5	e205	e207	C
5	e247	e259	C
5	e253	e265	C
5	e258	e269	C
5	e247	e265	C
5	e253	e269	C
5	e247	e269	C
5	e5	e18	NC
5	e6	e76	NC
5	e16	e35	NC
5	e19	e48	NC
5	e27	e37	NC
5	e39	e256	NC
5	e50	e101	NC
5	e52	e67	NC
5	e55	e153	NC
5	e64	e28	NC
5	e70	e215	NC
5	e73	e271	NC
5	e82	e280	NC
5	e94	e147	NC
5	e96	e248	NC
5	e148	e22	NC
5	e151	e247	NC
5	e155	e18	NC
5	e155	e50	NC
5	e158	e35	NC
5	e160	e167	NC
5	e169	e221	NC
5	e175	e160	NC
5	e175	e245	NC
5	e176	e94	NC
5	e207	e166	NC
5	e212	e210	NC
5	e226	e59	NC
5	e228	e166	NC
5	e231	e288	NC
5	e249	e297	NC
5	e255	e264	NC
5	e261	e3	NC
5	e262	e214	NC
5	e270	e157	NC
5	e277	e318	NC
5	e282	e1	NC
5	e282	e42	NC
5	e284	e259	NC
5	e287	e195	NC
5	e292	e158	NC
5	e305	e230	NC
5	e308	e174	NC
6	e41	e42	C
6	e53	e55	C
6	e160	e162	C
6	e177	e178	C
6	e177	e179	C
6	e180	e179	C
6	e193	e196	C
6	e200	e204	C
6	e237	e243	C
6	e286	e281	C
6	e347	e353	C
6	e42	e79	NC
6	e68	e242	NC
6	e128	e193	NC
6	e138	e77	NC
6	e148	e144	NC
6	e181	e139	NC
6	e182	e193	NC
6	e222	e100	NC
6	e288	e95	NC
6	e307	e90	NC
6	e335	e63	NC
7	e20	e22	C
7	e22	e36	C
7	e23	e25	C
7	e23	e37	C
7	e107	e109	C
7	e123	e125	C
7	e138	e141	C
7	e172	e171	C
7	e197	e195	C
7	e20	e36	C
7	e2	e33	NC
7	e12	e202	NC
7	e39	e230	NC
7	e55	e119	NC
7	e87	e164	NC
7	e117	e180	NC
7	e163	e85	NC
7	e237	e140	NC
7	e240	e77	NC
7	e244	e101	NC
8	e6	e21	C
8	e7	e22	C
8	e9	e24	C
8	e10	e25	C
8	e18	e20	C
8	e18	e21	C
8	e18	e22	C
8	e18	e23	C
8	e88	e93	C
8	e94	e92	C
8	e104	e103	C
8	e105	e106	C
8	e197	e199	C
8	e199	e203	C
8	e214	e210	C
8	e215	e211	C
8	e217	e216	C
8	e230	e226	C
8	e231	e227	C
8	e233	e232	C
8	e253	e260	C
8	e254	e262	C
8	e258	e260	C
8	e258	e261	C
8	e197	e203	C
8	e2	e265	NC
8	e6	e206	NC
8	e21	e268	NC
8	e22	e157	NC
8	e34	e113	NC
8	e47	e41	NC
8	e57	e80	NC
8	e81	e233	NC
8	e81	e247	NC
8	e112	e13	NC
8	e139	e266	NC
8	e169	e159	NC
8	e178	e97	NC
8	e178	e117	NC
8	e180	e12	NC
8	e205	e252	NC
8	e220	e147	NC
8	e228	e269	NC
8	e235	e49	NC
8	e239	e172	NC
8	e240	e188	NC
8	e241	e260	NC
8	e243	e191	NC
8	e248	e177	NC
8	e264	e160	NC
9	e1	e4	C
9	e4	e7	C
9	e26	e28	C
9	e26	e35	C
9	e139	e140	C
9	e141	e140	C
9	e165	e167	C
9	e165	e169	C
9	e199	e206	C
9	e199	e215	C
9	e287	e291	C
9	e305	e308	C
9	e312	e314	C
9	e313	e312	C
9	e318	e317	C
9	e322	e321	C
9	e326	e325	C
9	e331	e336	C
9	e335	e336	C
9	e337	e343	C
9	e340	e344	C
9	e341	e345	C
9	e342	e346	C
9	e1	e7	C
9	e313	e314	C
9	e47	e35	NC
9	e77	e64	NC
9	e78	e57	NC
9	e80	e349	NC
9	e87	e347	NC
9	e101	e329	NC
9	e105	e114	NC
9	e107	e232	NC
9	e112	e88	NC
9	e147	e309	NC
9	e150	e202	NC
9	e163	e115	NC
9	e168	e85	NC
9	e178	e208	NC
9	e202	e78	NC
9	e218	e243	NC
9	e236	e92	NC
9	e239	e30	NC
9	e240	e38	NC
9	e243	e271	NC
9	e257	e122	NC
9	e333	e99	NC
9	e339	e277	NC
9	e346	e147	NC
9	e359	e66	NC
10	e51	e50	C
10	e102	e98	C
10	e121	e127	C
10	e129	e127	C
10	e132	e119	C
10	e200	e204	C
10	e204	e206	C
10	e206	e208	C
10	e259	e256	C
10	e270	e260	C
10	e200	e206	C
10	e204	e208	C
10	e200	e208	C
10	e49	e137	NC
10	e55	e111	NC
10	e94	e106	NC
10	e109	e208	NC
10	e125	e158	NC
10	e140	e2	NC
10	e155	e192	NC
10	e183	e52	NC
10	e191	e255	NC
10	e240	e7	NC
10	e284	e207	NC
10	e302	e76	NC
10	e310	e304	NC
11	e7	e6	C
11	e9	e21	C
11	e9	e27	C
11	e12	e6	C
11	e12	e13	C
11	e16	e21	C
11	e16	e26	C
11	e21	e70	C
11	e25	e24	C
11	e28	e30	C
11	e30	e93	C
11	e53	e51	C
11	e70	e138	C
11	e88	e89	C
11	e88	e90	C
11	e88	e91	C
11	e88	e92	C
11	e92	e106	C
11	e93	e109	C
11	e116	e112	C
11	e117	e119	C
11	e119	e122	C
11	e121	e123	C
11	e125	e128	C
11	e128	e176	C
11	e129	e135	C
11	e140	e139	C
11	e142	e154	C
11	e179	e178	C
11	e187	e186	C
11	e187	e205	C
11	e194	e201	C
11	e201	e213	C
11	e232	e235	C
11	e9	e70	C
11	e16	e70	C
11	e21	e138	C
11	e28	e93	C
11	e30	e109	C
11	e88	e106	C
11	e117	e122	C
11	e125	e176	C
11	e194	e213	C
11	e9	e138	C
11	e16	e138	C
11	e28	e109	C
11	e4	e69	NC
11	e5	e228	NC
11	e15	e103	NC
11	e31	e71	NC
11	e44	e17	NC
11	e44	e160	NC
11	e52	e69	NC
11	e56	e172	NC
11	e58	e75	NC
11	e64	e222	NC
11	e66	e132	NC
11	e75	e82	NC
11	e80	e76	NC
11	e83	e52	NC
11	e85	e54	NC
11	e88	e98	NC
11	e91	e102	NC
11	e99	e29	NC
11	e100	e99	NC
11	e109	e194	NC
11	e110	e170	NC
11	e113	e101	NC
11	e113	e215	NC
11	e136	e97	NC
11	e137	e141	NC
11	e139	e88	NC
11	e147	e186	NC
11	e151	e204	NC
11	e155	e13	NC
11	e160	e178	NC
11	e161	e30	NC
11	e163	e195	NC
11	e167	e188	NC
11	e171	e147	NC
11	e174	e221	NC
11	e175	e106	NC
11	e177	e58	NC
11	e184	e36	NC
11	e184	e147	NC
11	e196	e150	NC
11	e199	e121	NC
11	e203	e157	NC
11	e212	e18	NC
11	e213	e124	NC
11	e227	e55	NC
11	e235	e39	NC
12	e39	e37	C
12	e68	e82	C
12	e68	e83	C
12	e68	e85	C
12	e98	e100	C
12	e98	e107	C
12	e117	e112	C
12	e117	e116	C
12	e166	e171	C
12	e166	e173	C
12	e166	e175	C
12	e198	e200	C
12	e207	e206	C
12	e214	e222	C
12	e221	e223	C
12	e226	e231	C
12	e241	e244	C
12	e244	e246	C
12	e241	e246	C
12	e12	e270	NC
12	e14	e243	NC
12	e29	e132	NC
12	e34	e91	NC
12	e48	e258	NC
12	e54	e168	NC
12	e117	e278	NC
12	e147	e171	NC
12	e167	e97	NC
12	e198	e133	NC
12	e206	e9	NC
12	e209	e120	NC
12	e224	e125	NC
12	e226	e61	NC
12	e238	e208	NC
12	e240	e211	NC
12	e250	e50	NC
12	e270	e167	NC
12	e279	e221	NC
13	e45	e47	C
13	e59	e70	C
13	e70	e77	C
13	e111	e113	C
13	e113	e115	C
13	e116	e117	C
13	e118	e116	C
13	e118	e117	C
13	e119	e116	C
13	e119	e117	C
13	e149	e156	C
13	e152	e149	C
13	e155	e156	C
13	e166	e168	C
13	e171	e170	C
13	e174	e172	C
13	e190	e186	C
13	e192	e189	C
13	e193	e190	C
13	e195	e196	C
13	e201	e204	C
13	e59	e77	C
13	e111	e115	C
13	e152	e156	C
13	e193	e186	C
13	e9	e98	NC
13	e33	e55	NC
13	e39	e195	NC
13	e43	e149	NC
13	e81	e216	NC
13	e82	e201	NC
13	e92	e121	NC
13	e99	e74	NC
13	e100	e126	NC
13	e114	e96	NC
13	e116	e196	NC
13	e137	e66	NC
13	e138	e92	NC
13	e138	e219	NC
13	e143	e161	NC
13	e144	e150	NC
13	e147	e90	NC
13	e152	e28	NC
13	e152	e133	NC
13	e181	e156	NC
13	e194	e44	NC
13	e195	e218	NC
13	e217	e137	NC
13	e218	e213	NC
13	e220	e7	NC
14	e13	e14	C
14	e37	e35	C
14	e45	e44	C
14	e46	e44	C
14	e61	e60	C
14	e62	e54	C
14	e62	e60	C
14	e65	e63	C
14	e75	e70	C
14	e76	e67	C
14	e77	e72	C
14	e82	e84	C
14	e86	e85	C
14	e114	e112	C
14	e115	e104	C
14	e131	e130	C
14	e183	e181	C
14	e186	e183	C
14	e204	e207	C
14	e215	e212	C
14	e215	e226	C
14	e216	e211	C
14	e216	e227	C
14	e217	e228	C
14	e226	e229	C
14	e227	e230	C
14	e228	e231	C
14	e234	e243	C
14	e242	e235	C
14	e243	e239	C
14	e245	e244	C
14	e186	e181	C
14	e215	e229	C
14	e216	e230	C
14	e217	e231	C
14	e234	e239	C
14	e11	e35	NC
14	e19	e184	NC
14	e25	e54	NC
14	e34	e7	NC
14	e35	e197	NC
14	e40	e94	NC
14	e49	e85	NC
14	e55	e231	NC
14	e66	e135	NC
14	e68	e245	NC
14	e82	e245	NC
14	e90	e113	NC
14	e93	e176	NC
14	e108	e13	NC
14	e115	e164	NC
14	e119	e28	NC
14	e120	e114	NC
14	e128	e127	NC
14	e136	e245	NC
14	e146	e47	NC
14	e153	e217	NC
14	e156	e141	NC
14	e161	e173	NC
14	e161	e198	NC
14	e163	e250	NC
14	e186	e102	NC
14	e190	e111	NC
14	e192	e60	NC
14	e196	e18	NC
14	e202	e37	NC
14	e212	e238	NC
14	e223	e41	NC
14	e228	e227	NC
14	e234	e65	NC
14	e238	e189	NC
14	e243	e214	NC
15	e0	e1	C
15	e9	e6	C
15	e15	e12	C
15	e21	e22	C
15	e22	e25	C
15	e22	e41	C
15	e24	e25	C
15	e24	e27	C
15	e29	e48	C
15	e31	e43	C
15	e41	e44	C
15	e41	e79	C
15	e64	e66	C
15	e79	e87	C
15	e86	e110	C
15	e87	e109	C
15	e98	e97	C
15	e104	e105	C
15	e104	e106	C
15	e104	e107	C
15	e104	e108	C
15	e109	e114	C
15	e110	e130	C
15	e130	e134	C
15	e131	e128	C
15	e131	e141	C
15	e132	e128	C
15	e132	e142	C
15	e134	e138	C
15	e135	e128	C
15	e138	e146	C
15	e140	e137	C
15	e143	e135	C
15	e151	e145	C
15	e152	e145	C
15	e153	e163	C
15	e154	e164	C
15	e155	e159	C
15	e159	e161	C
15	e163	e167	C
15	e168	e173	C
15	e171	e179	C
15	e172	e180	C
15	e189	e191	C
15	e196	e199	C
15	e214	e227	C
15	e224	e219	C
15	e227	e241	C
15	e238	e224	C
15	e250	e251	C
15	e254	e238	C
15	e21	e25	C
15	e21	e41	C
15	e22	e44	C
15	e22	e79	C
15	e41	e87	C
15	e79	e109	C
15	e86	e130	C
15	e87	e114	C
15	e110	e134	C
15	e130	e138	C
15	e134	e146	C
15	e143	e128	C
15	e153	e167	C
15	e155	e161	C
15	e214	e241	C
15	e238	e219	C
15	e254	e224	C
15	e21	e44	C
15	e21	e79	C
15	e22	e87	C
15	e41	e109	C
15	e79	e114	C
15	e86	e134	C
15	e110	e138	C
15	e130	e146	C
15	e254	e219	C
15	e21	e87	C
15	e22	e109	C
15	e41	e114	C
15	e86	e138	C
15	e110	e146	C
15	e21	e109	C
15	e22	e114	C
15	e86	e146	C
15	e21	e114	C
15	e0	e257	NC
15	e3	e56	NC
15	e7	e255	NC
15	e8	e104	NC
15	e9	e52	NC
15	e10	e117	NC
15	e12	e68	NC
15	e16	e205	NC
15	e18	e137	NC
15	e18	e174	NC
15	e19	e267	NC
15	e22	e13	NC
15	e32	e182	NC
15	e37	e187	NC
15	e45	e5	NC
15	e49	e72	NC
15	e50	e5	NC
15	e51	e142	NC
15	e53	e5	NC
15	e53	e35	NC
15	e55	e206	NC
15	e59	e4	NC
15	e60	e54	NC
15	e60	e94	NC
15	e63	e100	NC
15	e82	e202	NC
15	e90	e228	NC
15	e92	e207	NC
15	e98	e118	NC
15	e98	e252	NC
15	e107	e72	NC
15	e108	e8	NC
15	e108	e80	NC
15	e112	e223	NC
15	e113	e186	NC
15	e116	e172	NC
15	e117	e113	NC
15	e118	e114	NC
15	e118	e136	NC
15	e124	e116	NC
15	e136	e251	NC
15	e137	e258	NC
15	e140	e214	NC
15	e142	e71	NC
15	e144	e68	NC
15	e147	e39	NC
15	e150	e159	NC
15	e150	e252	NC
15	e151	e195	NC
15	e162	e206	NC
15	e167	e258	NC
15	e168	e19	NC
15	e176	e22	NC
15	e176	e141	NC
15	e180	e103	NC
15	e185	e6	NC
15	e187	e6	NC
15	e188	e226	NC
15	e189	e74	NC
15	e190	e136	NC
15	e193	e22	NC
15	e199	e38	NC
15	e203	e209	NC
15	e203	e261	NC
15	e204	e270	NC
15	e205	e98	NC
15	e205	e235	NC
15	e208	e180	NC
15	e210	e230	NC
15	e210	e233	NC
15	e221	e182	NC
15	e221	e245	NC
15	e222	e171	NC
15	e224	e64	NC
15	e227	e199	NC
15	e240	e177	NC
15	e241	e72	NC
15	e249	e263	NC
15	e255	e61	NC
15	e258	e225	NC
15	e262	e47	NC
15	e263	e52	NC
15	e266	e74	NC
15	e266	e187	NC
15	e270	e51	NC
15	e270	e266	NC
16	e33	e34	C
16	e33	e35	C
16	e35	e36	C
16	e39	e34	C
16	e39	e35	C
16	e40	e41	C
16	e40	e42	C
16	e47	e48	C
16	e48	e52	C
16	e73	e74	C
16	e73	e75	C
16	e73	e76	C
16	e73	e77	C
16	e73	e78	C
16	e76	e75	C
16	e77	e75	C
16	e83	e85	C
16	e84	e82	C
16	e84	e93	C
16	e33	e36	C
16	e39	e36	C
16	e47	e52	C
16	e9	e97	NC
16	e19	e57	NC
16	e25	e22	NC
16	e27	e24	NC
16	e40	e24	NC
16	e42	e9	NC
16	e44	e4	NC
16	e46	e48	NC
16	e52	e77	NC
16	e53	e76	NC
16	e59	e31	NC
16	e61	e53	NC
16	e67	e99	NC
16	e69	e66	NC
16	e79	e85	NC
16	e80	e64	NC
16	e83	e72	NC
16	e84	e36	NC
16	e85	e4	NC
16	e93	e61	NC
16	e97	e41	NC
16	e100	e90	NC
17	e3	e9	C
17	e6	e8	C
17	e12	e30	C
17	e47	e46	C
17	e48	e46	C
17	e56	e55	C
17	e57	e55	C
17	e69	e71	C
17	e69	e72	C
17	e121	e130	C
17	e135	e134	C
17	e13	e37	NC
17	e33	e45	NC
17	e38	e107	NC
17	e78	e50	NC
17	e104	e36	NC
17	e109	e54	NC
17	e110	e112	NC
17	e132	e51	NC
17	e134	e66	NC
17	e137	e142	NC
17	e142	e104	NC
18	e28	e32	C
18	e38	e36	C
18	e45	e50	C
18	e46	e44	C
18	e46	e47	C
18	e56	e54	C
18	e57	e54	C
18	e58	e54	C
18	e68	e69	C
18	e75	e74	C
18	e76	e82	C
18	e92	e90	C
18	e93	e92	C
18	e94	e93	C
18	e101	e104	C
18	e116	e114	C
18	e126	e125	C
18	e126	e130	C
18	e126	e131	C
18	e128	e135	C
18	e135	e136	C
18	e144	e147	C
18	e156	e158	C
18	e158	e161	C
18	e173	e175	C
18	e175	e183	C
18	e186	e188	C
18	e190	e196	C
18	e192	e198	C
18	e199	e201	C
18	e201	e205	C
18	e220	e219	C
18	e223	e219	C
18	e224	e235	C
18	e225	e236	C
18	e226	e228	C
18	e235	e242	C
18	e237	e252	C
18	e241	e240	C
18	e256	e258	C
18	e273	e272	C
18	e285	e290	C
18	e296	e301	C
18	e301	e304	C
18	e93	e90	C
18	e94	e92	C
18	e128	e136	C
18	e156	e161	C
18	e173	e183	C
18	e199	e205	C
18	e224	e242	C
18	e296	e304	C
18	e94	e90	C
18	e1	e184	NC
18	e10	e276	NC
18	e11	e305	NC
18	e18	e237	NC
18	e26	e45	NC
18	e26	e165	NC
18	e29	e278	NC
18	e33	e129	NC
18	e35	e187	NC
18	e35	e215	NC
18	e36	e239	NC
18	e55	e294	NC
18	e56	e102	NC
18	e60	e136	NC
18	e62	e203	NC
18	e77	e239	NC
18	e79	e264	NC
18	e81	e39	NC
18	e81	e298	NC
18	e89	e72	NC
18	e95	e306	NC
18	e98	e139	NC
18	e100	e14	NC
18	e107	e296	NC
18	e110	e143	NC
18	e154	e269	NC
18	e157	e15	NC
18	e160	e289	NC
18	e179	e244	NC
18	e189	e144	NC
18	e194	e208	NC
18	e197	e296	NC
18	e200	e98	NC
18	e204	e277	NC
18	e206	e207	NC
18	e212	e113	NC
18	e232	e214	NC
18	e237	e23	NC
18	e239	e135	NC
18	e253	e95	NC
18	e257	e120	NC
18	e263	e270	NC
18	e266	e221	NC
18	e279	e1	NC
18	e282	e259	NC
18	e283	e199	NC
18	e284	e118	NC
18	e285	e295	NC
18	e293	e296	NC
18	e294	e293	NC
18	e300	e249	NC
18	e307	e127	NC
18	e308	e31	NC
19	e7	e8	C
19	e8	e10	C
19	e11	e9	C
19	e13	e14	C
19	e17	e12	C
19	e17	e18	C
19	e22	e23	C
19	e38	e39	C
19	e39	e40	C
19	e43	e44	C
19	e58	e56	C
19	e59	e56	C
19	e75	e82	C
19	e77	e74	C
19	e99	e100	C
19	e103	e102	C
19	e106	e109	C
19	e109	e110	C
19	e110	e113	C
19	e119	e122	C
19	e120	e119	C
19	e121	e119	C
19	e127	e134	C
19	e7	e10	C
19	e38	e40	C
19	e106	e110	C
19	e109	e113	C
19	e120	e122	C
19	e121	e122	C
19	e106	e113	C
19	e2	e188	NC
19	e11	e33	NC
19	e35	e96	NC
19	e43	e164	NC
19	e53	e64	NC
19	e60	e62	NC
19	e63	e164	NC
19	e69	e128	NC
19	e75	e217	NC
19	e77	e40	NC
19	e78	e39	NC
19	e84	e119	NC
19	e94	e136	NC
19	e112	e7	NC
19	e115	e98	NC
19	e118	e163	NC
19	e129	e145	NC
19	e139	e200	NC
19	e147	e169	NC
19	e149	e42	NC
19	e150	e218	NC
19	e165	e164	NC
19	e174	e76	NC
19	e185	e145	NC
19	e194	e3	NC
19	e200	e14	NC
19	e208	e172	NC
19	e212	e101	NC
19	e216	e85	NC
19	e218	e117	NC
20	e8	e7	C
20	e41	e52	C
20	e44	e45	C
20	e54	e55	C
20	e56	e57	C
20	e58	e57	C
20	e59	e57	C
20	e62	e63	C
20	e62	e64	C
20	e106	e99	C
20	e107	e99	C
20	e182	e180	C
20	e191	e205	C
20	e196	e200	C
20	e199	e200	C
20	e203	e204	C
20	e208	e196	C
20	e208	e200	C
20	e208	e204	C
20	e215	e222	C
20	e217	e215	C
20	e217	e222	C
20	e219	e230	C
20	e224	e223	C
20	e230	e233	C
20	e236	e238	C
20	e238	e239	C
20	e244	e250	C
20	e247	e246	C
20	e248	e246	C
20	e249	e246	C
20	e263	e267	C
20	e267	e268	C
20	e272	e269	C
20	e274	e281	C
20	e275	e274	C
20	e219	e233	C
20	e236	e239	C
20	e263	e268	C
20	e275	e281	C
20	e1	e147	NC
20	e2	e31	NC
20	e7	e144	NC
20	e15	e35	NC
20	e15	e241	NC
20	e18	e35	NC
20	e37	e3	NC
20	e43	e208	NC
20	e51	e144	NC
20	e55	e141	NC
20	e57	e270	NC
20	e63	e87	NC
20	e69	e112	NC
20	e69	e138	NC
20	e74	e47	NC
20	e91	e75	NC
20	e92	e212	NC
20	e94	e37	NC
20	e95	e150	NC
20	e98	e37	NC
20	e101	e103	NC
20	e136	e27	NC
20	e148	e134	NC
20	e156	e128	NC
20	e157	e16	NC
20	e172	e98	NC
20	e175	e89	NC
20	e180	e142	NC
20	e190	e21	NC
20	e199	e87	NC
20	e225	e58	NC
20	e227	e124	NC
20	e227	e196	NC
20	e231	e166	NC
20	e232	e180	NC
20	e237	e221	NC
20	e249	e18	NC
20	e251	e242	NC
20	e266	e146	NC
20	e266	e241	NC
21	e42	e41	C
21	e43	e47	C
21	e43	e125	C
21	e44	e47	C
21	e44	e55	C
21	e45	e42	C
21	e47	e50	C
21	e50	e67	C
21	e57	e60	C
21	e64	e59	C
21	e64	e61	C
21	e64	e62	C
21	e80	e83	C
21	e95	e109	C
21	e102	e104	C
21	e121	e122	C
21	e125	e127	C
21	e127	e138	C
21	e133	e131	C
21	e134	e131	C
21	e138	e151	C
21	e142	e139	C
21	e143	e139	C
21	e153	e164	C
21	e153	e167	C
21	e164	e215	C
21	e167	e209	C
21	e202	e223	C
21	e209	e218	C
21	e218	e231	C
21	e220	e217	C
21	e224	e230	C
21	e230	e243	C
21	e231	e244	C
21	e232	e236	C
21	e232	e237	C
21	e234	e239	C
21	e237	e241	C
21	e239	e242	C
21	e43	e50	C
21	e43	e127	C
21	e44	e50	C
21	e45	e41	C
21	e47	e67	C
21	e125	e138	C
21	e127	e151	C
21	e153	e215	C
21	e153	e209	C
21	e167	e218	C
21	e209	e231	C
21	e218	e244	C
21	e224	e243	C
21	e232	e241	C
21	e234	e242	C
21	e43	e67	C
21	e43	e138	C
21	e44	e67	C
21	e125	e151	C
21	e153	e218	C
21	e167	e231	C
21	e209	e244	C
21	e43	e151	C
21	e153	e231	C
21	e167	e244	C
21	e153	e244	C
21	e14	e154	NC
21	e25	e180	NC
21	e29	e106	NC
21	e36	e203	NC
21	e48	e97	NC
21	e52	e148	NC
21	e54	e83	NC
21	e62	e155	NC
21	e64	e204	NC
21	e69	e122	NC
21	e71	e127	NC
21	e77	e185	NC
21	e83	e109	NC
21	e87	e0	NC
21	e93	e130	NC
21	e97	e56	NC
21	e102	e92	NC
21	e102	e224	NC
21	e105	e80	NC
21	e106	e41	NC
21	e109	e41	NC
21	e117	e68	NC
21	e117	e70	NC
21	e119	e190	NC
21	e120	e118	NC
21	e125	e45	NC
21	e130	e9	NC
21	e132	e48	NC
21	e138	e118	NC
21	e138	e219	NC
21	e143	e103	NC
21	e146	e40	NC
21	e150	e213	NC
21	e151	e145	NC
21	e159	e64	NC
21	e160	e127	NC
21	e164	e213	NC
21	e174	e39	NC
21	e178	e8	NC
21	e178	e128	NC
21	e184	e246	NC
21	e187	e221	NC
21	e193	e212	NC
21	e198	e51	NC
21	e198	e127	NC
21	e199	e125	NC
21	e199	e233	NC
21	e200	e164	NC
21	e201	e60	NC
21	e204	e92	NC
21	e206	e223	NC
21	e207	e23	NC
21	e211	e151	NC
21	e211	e213	NC
21	e216	e101	NC
21	e221	e180	NC
21	e221	e252	NC
21	e223	e10	NC
21	e223	e197	NC
21	e229	e177	NC
21	e231	e124	NC
21	e231	e201	NC
21	e241	e63	NC
21	e245	e213	NC
21	e252	e9	NC
22	e26	e29	C
22	e231	e232	C
22	e243	e239	C
22	e244	e239	C
22	e245	e239	C
22	e246	e239	C
22	e247	e239	C
22	e254	e252	C
22	e256	e253	C
22	e7	e185	NC
22	e49	e38	NC
22	e75	e224	NC
22	e78	e189	NC
22	e114	e26	NC
22	e115	e48	NC
22	e174	e122	NC
22	e242	e154	NC
22	e247	e15	NC
23	e98	e96	C
23	e99	e102	C
23	e120	e114	C
23	e121	e115	C
23	e165	e166	C
23	e170	e168	C
23	e171	e172	C
23	e207	e199	C
23	e208	e207	C
23	e209	e200	C
23	e256	e255	C
23	e264	e262	C
23	e264	e263	C
23	e265	e261	C
23	e266	e268	C
23	e269	e267	C
23	e272	e273	C
23	e282	e280	C
23	e283	e278	C
23	e326	e321	C
23	e338	e341	C
23	e340	e337	C
23	e208	e199	C
23	e7	e18	NC
23	e11	e72	NC
23	e20	e45	NC
23	e27	e293	NC
23	e38	e30	NC
23	e38	e323	NC
23	e64	e230	NC
23	e67	e273	NC
23	e71	e37	NC
23	e78	e150	NC
23	e97	e101	NC
23	e107	e43	NC
23	e149	e6	NC
23	e164	e290	NC
23	e213	e210	NC
23	e236	e177	NC
23	e239	e76	NC
23	e254	e60	NC
23	e287	e243	NC
23	e288	e202	NC
23	e315	e144	NC
23	e335	e193	NC
23	e341	e329	NC
24	e91	e94	C
24	e92	e96	C
24	e96	e100	C
24	e112	e111	C
24	e118	e117	C
24	e122	e119	C
24	e125	e120	C
24	e125	e124	C
24	e150	e148	C
24	e152	e147	C
24	e168	e166	C
24	e172	e171	C
24	e176	e174	C
24	e183	e180	C
24	e92	e100	C
24	e3	e60	NC
24	e3	e86	NC
24	e12	e172	NC
24	e31	e140	NC
24	e38	e48	NC
24	e39	e8	NC
24	e78	e83	NC
24	e87	e144	NC
24	e115	e8	NC
24	e131	e115	NC
24	e143	e174	NC
24	e146	e16	NC
24	e173	e71	NC
24	e174	e18	NC
24	e180	e136	NC
25	e132	e144	C
25	e133	e146	C
25	e149	e150	C
25	e153	e157	C
25	e173	e169	C
25	e174	e169	C
25	e186	e183	C
25	e217	e216	C
25	e225	e223	C
25	e232	e228	C
25	e42	e225	NC
25	e54	e214	NC
25	e126	e135	NC
25	e148	e211	NC
25	e150	e134	NC
25	e170	e123	NC
25	e176	e205	NC
25	e199	e221	NC
25	e217	e212	NC
25	e236	e57	NC
27	e136	e135	C
27	e143	e141	C
27	e152	e153	C
27	e153	e150	C
27	e154	e151	C
27	e186	e185	C
27	e206	e204	C
27	e217	e237	C
27	e218	e238	C
27	e221	e220	C
27	e221	e236	C
27	e222	e226	C
27	e231	e230	C
27	e236	e242	C
27	e237	e245	C
27	e238	e246	C
27	e242	e248	C
27	e244	e243	C
27	e245	e259	C
27	e246	e260	C
27	e248	e254	C
27	e252	e250	C
27	e254	e258	C
27	e257	e262	C
27	e258	e261	C
27	e261	e263	C
27	e287	e285	C
27	e152	e150	C
27	e217	e245	C
27	e218	e246	C
27	e221	e242	C
27	e236	e248	C
27	e237	e259	C
27	e238	e260	C
27	e242	e254	C
27	e248	e258	C
27	e254	e261	C
27	e258	e263	C
27	e217	e259	C
27	e218	e260	C
27	e221	e248	C
27	e236	e254	C
27	e242	e258	C
27	e248	e261	C
27	e254	e263	C
27	e221	e254	C
27	e236	e258	C
27	e242	e261	C
27	e248	e263	C
27	e221	e258	C
27	e236	e261	C
27	e242	e263	C
27	e221	e261	C
27	e236	e263	C
27	e221	e263	C
27	e2	e179	NC
27	e7	e182	NC
27	e11	e215	NC
27	e11	e277	NC
27	e15	e150	NC
27	e20	e232	NC
27	e26	e226	NC
27	e29	e109	NC
27	e36	e68	NC
27	e41	e148	NC
27	e50	e86	NC
27	e50	e285	NC
27	e60	e69	NC
27	e63	e90	NC
27	e63	e194	NC
27	e76	e285	NC
27	e78	e19	NC
27	e90	e255	NC
27	e97	e276	NC
27	e104	e49	NC
27	e109	e17	NC
27	e117	e219	NC
27	e118	e261	NC
27	e119	e264	NC
27	e133	e38	NC
27	e134	e217	NC
27	e149	e75	NC
27	e150	e244	NC
27	e152	e188	NC
27	e153	e10	NC
27	e154	e114	NC
27	e162	e237	NC
27	e178	e238	NC
27	e180	e201	NC
27	e183	e131	NC
27	e201	e241	NC
27	e206	e125	NC
27	e207	e287	NC
27	e211	e46	NC
27	e218	e137	NC
27	e218	e211	NC
27	e218	e274	NC
27	e227	e118	NC
27	e238	e5	NC
27	e251	e67	NC
27	e255	e93	NC
27	e256	e102	NC
27	e257	e168	NC
27	e258	e36	NC
27	e259	e179	NC
27	e267	e242	NC
27	e272	e137	NC
27	e276	e20	NC
27	e286	e10	NC
27	e286	e162	NC
28	e107	e98	C
28	e116	e117	C
28	e198	e202	C
28	e199	e203	C
28	e27	e96	NC
28	e68	e66	NC
28	e138	e21	NC
28	e205	e187	NC
29	e77	e79	C
29	e77	e81	C
29	e84	e86	C
29	e110	e104	C
29	e112	e104	C
29	e9	e61	NC
29	e25	e54	NC
29	e53	e63	NC
29	e69	e77	NC
29	e101	e10	NC
30	e40	e41	C
30	e41	e42	C
30	e85	e86	C
30	e92	e95	C
30	e102	e105	C
30	e109	e113	C
30	e195	e207	C
30	e208	e199	C
30	e208	e201	C
30	e217	e214	C
30	e218	e222	C
30	e226	e218	C
30	e227	e233	C
30	e229	e239	C
30	e234	e233	C
30	e274	e276	C
30	e274	e277	C
30	e40	e42	C
30	e226	e222	C
30	e5	e119	NC
30	e13	e72	NC
30	e25	e13	NC
30	e28	e80	NC
30	e29	e20	NC
30	e76	e234	NC
30	e116	e265	NC
30	e118	e100	NC
30	e127	e33	NC
30	e176	e63	NC
30	e191	e186	NC
30	e195	e96	NC
30	e220	e198	NC
30	e222	e170	NC
30	e227	e117	NC
30	e230	e3	NC
30	e234	e275	NC
30	e235	e50	NC
30	e246	e264	NC
31	e180	e182	C
31	e184	e189	C
31	e192	e197	C
31	e204	e206	C
31	e217	e218	C
31	e220	e222	C
31	e224	e225	C
31	e234	e241	C
31	e235	e242	C
31	e243	e244	C
31	e18	e103	NC
31	e31	e142	NC
31	e41	e24	NC
31	e49	e59	NC
31	e100	e143	NC
31	e134	e28	NC
31	e189	e99	NC
31	e221	e247	NC
31	e252	e236	NC
31	e261	e128	NC
32	e2	e3	C
32	e66	e69	C
32	e128	e134	C
32	e128	e142	C
32	e144	e146	C
32	e9	e88	NC
32	e30	e141	NC
32	e52	e140	NC
32	e77	e115	NC
32	e95	e89	NC
33	e1	e2	C
33	e12	e10	C
33	e18	e24	C
33	e65	e67	C
33	e73	e76	C
33	e180	e179	C
33	e205	e204	C
33	e234	e235	C
33	e236	e234	C
33	e238	e239	C
33	e238	e240	C
33	e238	e241	C
33	e238	e242	C
33	e247	e248	C
33	e254	e251	C
33	e254	e252	C
33	e262	e260	C
33	e262	e264	C
33	e236	e235	C
33	e6	e172	NC
33	e14	e191	NC
33	e50	e16	NC
33	e57	e193	NC
33	e80	e270	NC
33	e81	e201	NC
33	e101	e164	NC
33	e102	e174	NC
33	e105	e200	NC
33	e124	e40	NC
33	e174	e160	NC
33	e178	e243	NC
33	e186	e10	NC
33	e189	e210	NC
33	e194	e249	NC
33	e201	e172	NC
33	e223	e8	NC
33	e264	e263	NC
33	e267	e135	NC
34	e114	e115	C
34	e166	e169	C
34	e177	e179	C
34	e178	e174	C
34	e181	e180	C
34	e187	e186	C
34	e197	e193	C
34	e198	e194	C
34	e202	e207	C
34	e207	e211	C
34	e211	e214	C
34	e226	e227	C
34	e228	e230	C
34	e228	e231	C
34	e234	e233	C
34	e238	e237	C
34	e242	e240	C
34	e246	e240	C
34	e248	e240	C
34	e260	e259	C
34	e270	e275	C
34	e278	e279	C
34	e278	e280	C
34	e285	e296	C
34	e296	e301	C
34	e202	e211	C
34	e207	e214	C
34	e285	e301	C
34	e202	e214	C
34	e33	e138	NC
34	e41	e173	NC
34	e65	e210	NC
34	e67	e276	NC
34	e77	e262	NC
34	e79	e280	NC
34	e91	e154	NC
34	e94	e38	NC
34	e105	e108	NC
34	e136	e22	NC
34	e142	e86	NC
34	e155	e141	NC
34	e176	e219	NC
34	e180	e96	NC
34	e180	e157	NC
34	e195	e162	NC
34	e201	e23	NC
34	e204	e272	NC
34	e207	e42	NC
34	e212	e14	NC
34	e220	e81	NC
34	e225	e21	NC
34	e245	e167	NC
34	e253	e240	NC
34	e275	e234	NC
34	e286	e291	NC
34	e288	e251	NC
34	e289	e167	NC
34	e294	e77	NC
35	e163	e165	C
35	e165	e172	C
35	e192	e195	C
35	e195	e198	C
35	e196	e198	C
35	e197	e196	C
35	e163	e172	C
35	e192	e198	C
35	e197	e198	C
35	e36	e187	NC
35	e68	e121	NC
35	e99	e195	NC
35	e108	e101	NC
35	e128	e50	NC
35	e153	e118	NC
35	e171	e18	NC
35	e190	e59	NC
35	e196	e13	NC
36	e35	e37	C
36	e112	e107	C
36	e114	e111	C
36	e115	e112	C
36	e116	e113	C
36	e129	e128	C
36	e141	e140	C
36	e142	e140	C
36	e197	e196	C
36	e199	e196	C
36	e199	e198	C
36	e240	e238	C
36	e241	e239	C
36	e250	e253	C
36	e251	e254	C
36	e264	e271	C
36	e265	e272	C
36	e115	e107	C
36	e16	e192	NC
36	e29	e43	NC
36	e30	e94	NC
36	e51	e216	NC
36	e52	e82	NC
36	e82	e24	NC
36	e91	e53	NC
36	e104	e281	NC
36	e107	e105	NC
36	e144	e30	NC
36	e191	e107	NC
36	e194	e104	NC
36	e208	e151	NC
36	e228	e78	NC
36	e234	e246	NC
36	e250	e165	NC
36	e273	e182	NC
36	e307	e242	NC
37	e91	e94	C
37	e132	e140	C
37	e0	e60	NC
37	e60	e50	NC
38	e24	e27	C
38	e116	e121	C
38	e116	e129	C
38	e162	e164	C
38	e198	e197	C
38	e207	e204	C
38	e209	e212	C
38	e211	e210	C
38	e214	e223	C
38	e227	e225	C
38	e243	e241	C
38	e245	e243	C
38	e245	e241	C
38	e4	e143	NC
38	e28	e231	NC
38	e29	e69	NC
38	e72	e231	NC
38	e98	e47	NC
38	e155	e38	NC
38	e176	e131	NC
38	e191	e208	NC
38	e200	e22	NC
38	e201	e226	NC
38	e202	e109	NC
38	e207	e118	NC
38	e242	e41	NC
39	e8	e9	C
39	e16	e15	C
39	e17	e15	C
39	e19	e20	C
39	e23	e24	C
39	e40	e39	C
39	e42	e39	C
39	e45	e46	C
39	e225	e217	C
39	e225	e218	C
39	e244	e248	C
39	e246	e243	C
39	e248	e252	C
39	e249	e246	C
39	e273	e271	C
39	e274	e277	C
39	e277	e280	C
39	e244	e252	C
39	e249	e243	C
39	e274	e280	C
39	e7	e53	NC
39	e28	e190	NC
39	e29	e153	NC
39	e49	e142	NC
39	e63	e270	NC
39	e93	e175	NC
39	e95	e75	NC
39	e116	e107	NC
39	e148	e265	NC
39	e158	e37	NC
39	e182	e161	NC
39	e183	e61	NC
39	e193	e8	NC
39	e209	e133	NC
39	e220	e235	NC
39	e230	e50	NC
39	e240	e40	NC
39	e252	e13	NC
39	e261	e76	NC
39	e281	e21	NC
40	e69	e68	C
40	e82	e83	C
40	e187	e188	C
40	e191	e196	C
40	e194	e196	C
40	e208	e211	C
40	e211	e217	C
40	e212	e219	C
40	e208	e217	C
40	e23	e1	NC
40	e28	e191	NC
40	e61	e134	NC
40	e72	e215	NC
40	e85	e185	NC
40	e190	e227	NC
40	e191	e149	NC
40	e205	e8	NC
40	e229	e0	NC
41	e72	e70	C
41	e93	e94	C
41	e93	e95	C
41	e94	e96	C
41	e132	e139	C
41	e216	e217	C
41	e232	e230	C
41	e246	e250	C
41	e262	e265	C
41	e262	e266	C
41	e262	e268	C
41	e299	e301	C
41	e352	e357	C
41	e352	e358	C
41	e353	e355	C
41	e353	e356	C
41	e353	e357	C
41	e353	e358	C
41	e354	e359	C
41	e93	e96	C
41	e70	e164	NC
41	e79	e115	NC
41	e79	e206	NC
41	e99	e24	NC
41	e117	e53	NC
41	e133	e357	NC
41	e150	e329	NC
41	e155	e216	NC
41	e159	e54	NC
41	e196	e254	NC
41	e216	e227	NC
41	e226	e8	NC
41	e233	e278	NC
41	e243	e30	NC
41	e258	e109	NC
41	e259	e43	NC
41	e259	e294	NC
41	e272	e351	NC
41	e298	e182	NC
41	e333	e324	NC
42	e7	e8	C
42	e12	e14	C
42	e23	e21	C
42	e26	e21	C
42	e82	e78	C
42	e141	e140	C
42	e152	e149	C
42	e154	e158	C
42	e156	e149	C
42	e158	e164	C
42	e159	e149	C
42	e165	e166	C
42	e166	e178	C
42	e177	e179	C
42	e178	e186	C
42	e186	e192	C
42	e209	e211	C
42	e213	e216	C
42	e214	e220	C
42	e216	e221	C
42	e154	e164	C
42	e165	e178	C
42	e166	e186	C
42	e178	e192	C
42	e213	e221	C
42	e165	e186	C
42	e166	e192	C
42	e165	e192	C
42	e1	e203	NC
42	e5	e132	NC
42	e9	e111	NC
42	e10	e184	NC
42	e22	e18	NC
42	e27	e58	NC
42	e33	e148	NC
42	e50	e151	NC
42	e51	e189	NC
42	e60	e197	NC
42	e61	e125	NC
42	e74	e183	NC
42	e76	e51	NC
42	e98	e41	NC
42	e102	e193	NC
42	e105	e204	NC
42	e124	e6	NC
42	e137	e149	NC
42	e150	e215	NC
42	e164	e210	NC
42	e166	e175	NC
42	e173	e97	NC
42	e186	e70	NC
42	e195	e169	NC
42	e203	e188	NC
42	e208	e45	NC
42	e211	e172	NC
42	e213	e108	NC
43	e4	e6	C
43	e24	e25	C
43	e25	e28	C
43	e28	e33	C
43	e122	e125	C
43	e122	e126	C
43	e122	e127	C
43	e125	e150	C
43	e126	e150	C
43	e139	e138	C
43	e239	e254	C
43	e259	e260	C
43	e261	e262	C
43	e293	e306	C
43	e293	e307	C
43	e295	e298	C
43	e296	e299	C
43	e297	e295	C
43	e297	e296	C
43	e314	e319	C
43	e318	e342	C
43	e333	e336	C
43	e24	e28	C
43	e25	e33	C
43	e122	e150	C
43	e297	e298	C
43	e297	e299	C
43	e24	e33	C
43	e8	e182	NC
43	e42	e209	NC
43	e51	e130	NC
43	e76	e104	NC
43	e80	e226	NC
43	e86	e112	NC
43	e90	e16	NC
43	e93	e328	NC
43	e97	e104	NC
43	e107	e161	NC
43	e133	e91	NC
43	e135	e258	NC
43	e155	e184	NC
43	e167	e152	NC
43	e193	e214	NC
43	e209	e87	NC
43	e210	e266	NC
43	e219	e254	NC
43	e226	e146	NC
43	e235	e9	NC
43	e257	e52	NC
43	e268	e41	NC
43	e271	e338	NC
43	e302	e143	NC
43	e308	e136	NC
43	e309	e268	NC
43	e326	e7	NC
43	e342	e92	NC
44	e38	e40	C
44	e94	e95	C
44	e103	e105	C
44	e120	e122	C
44	e129	e131	C
44	e143	e145	C
44	e176	e172	C
44	e193	e197	C
44	e311	e304	C
44	e321	e322	C
44	e1	e103	NC
44	e57	e66	NC
44	e58	e113	NC
44	e85	e312	NC
44	e152	e237	NC
44	e199	e289	NC
44	e224	e320	NC
44	e234	e97	NC
44	e244	e254	NC
44	e282	e253	NC
45	e32	e34	C
45	e35	e34	C
45	e36	e34	C
45	e68	e73	C
45	e69	e71	C
45	e71	e70	C
45	e109	e121	C
45	e113	e118	C
45	e118	e126	C
45	e128	e125	C
45	e148	e146	C
45	e148	e149	C
45	e152	e154	C
45	e154	e160	C
45	e163	e172	C
45	e177	e178	C
45	e216	e222	C
45	e218	e219	C
45	e222	e223	C
45	e223	e225	C
45	e270	e271	C
45	e270	e272	C
45	e271	e278	C
45	e272	e279	C
45	e278	e284	C
45	e279	e285	C
45	e288	e292	C
45	e288	e293	C
45	e288	e294	C
45	e288	e295	C
45	e289	e292	C
45	e289	e293	C
45	e289	e294	C
45	e289	e295	C
45	e69	e70	C
45	e113	e126	C
45	e152	e160	C
45	e216	e223	C
45	e222	e225	C
45	e270	e278	C
45	e270	e279	C
45	e271	e284	C
45	e272	e285	C
45	e216	e225	C
45	e270	e284	C
45	e270	e285	C
45	e6	e93	NC
45	e15	e105	NC
45	e30	e63	NC
45	e41	e160	NC
45	e41	e161	NC
45	e44	e309	NC
45	e59	e317	NC
45	e62	e65	NC
45	e67	e295	NC
45	e112	e78	NC
45	e115	e118	NC
45	e115	e261	NC
45	e119	e137	NC
45	e122	e118	NC
45	e122	e143	NC
45	e125	e122	NC
45	e130	e175	NC
45	e136	e232	NC
45	e141	e61	NC
45	e146	e78	NC
45	e148	e28	NC
45	e153	e90	NC
45	e156	e218	NC
45	e157	e43	NC
45	e167	e163	NC
45	e168	e211	NC
45	e175	e328	NC
45	e177	e55	NC
45	e187	e42	NC
45	e189	e141	NC
45	e196	e154	NC
45	e199	e307	NC
45	e208	e140	NC
45	e210	e295	NC
45	e224	e45	NC
45	e242	e173	NC
45	e245	e2	NC
45	e245	e107	NC
45	e271	e17	NC
45	e291	e5	NC
45	e298	e285	NC
45	e307	e282	NC
45	e314	e192	NC
45	e320	e253	NC
45	e325	e261	NC
45	e325	e279	NC
46	e31	e32	C
46	e49	e46	C
46	e58	e61	C
46	e61	e63	C
46	e121	e122	C
46	e122	e129	C
46	e131	e129	C
46	e132	e129	C
46	e58	e63	C
46	e121	e129	C
46	e2	e61	NC
46	e19	e37	NC
46	e29	e98	NC
46	e34	e75	NC
46	e49	e127	NC
46	e89	e63	NC
46	e91	e49	NC
46	e91	e122	NC
46	e123	e31	NC
46	e134	e84	NC
47	e32	e31	C
47	e139	e137	C
47	e140	e137	C
47	e157	e171	C
47	e158	e173	C
47	e181	e180	C
47	e200	e198	C
47	e203	e218	C
47	e206	e207	C
47	e13	e215	NC
47	e28	e123	NC
47	e52	e164	NC
47	e78	e44	NC
47	e85	e50	NC
47	e127	e149	NC
47	e160	e32	NC
47	e175	e6	NC
47	e215	e20	NC
48	e16	e18	C
48	e22	e52	C
48	e23	e87	C
48	e52	e85	C
48	e138	e131	C
48	e209	e207	C
48	e213	e212	C
48	e226	e227	C
48	e239	e243	C
48	e252	e255	C
48	e271	e270	C
48	e271	e272	C
48	e272	e274	C
48	e288	e287	C
48	e302	e303	C
48	e309	e310	C
48	e22	e85	C
48	e271	e274	C
48	e0	e104	NC
48	e20	e217	NC
48	e27	e56	NC
48	e40	e322	NC
48	e67	e85	NC
48	e75	e283	NC
48	e108	e187	NC
48	e112	e100	NC
48	e115	e221	NC
48	e136	e266	NC
48	e139	e7	NC
48	e157	e147	NC
48	e185	e146	NC
48	e203	e189	NC
48	e213	e298	NC
48	e223	e34	NC
48	e297	e220	NC
48	e312	e249	NC
49	e27	e43	C
49	e102	e112	C
49	e139	e162	C
49	e140	e163	C
49	e144	e141	C
49	e151	e149	C
49	e154	e153	C
49	e157	e177	C
49	e157	e180	C
49	e167	e157	C
49	e170	e171	C
49	e225	e239	C
49	e227	e236	C
49	e228	e231	C
49	e230	e225	C
49	e231	e235	C
49	e237	e239	C
49	e247	e246	C
49	e249	e248	C
49	e249	e252	C
49	e252	e256	C
49	e253	e254	C
49	e258	e257	C
49	e274	e273	C
49	e283	e282	C
49	e285	e282	C
49	e290	e292	C
49	e310	e316	C
49	e316	e318	C
49	e319	e320	C
49	e326	e332	C
49	e331	e332	C
49	e334	e333	C
49	e167	e177	C
49	e167	e180	C
49	e228	e235	C
49	e230	e239	C
49	e249	e256	C
49	e310	e318	C
49	e8	e318	NC
49	e22	e40	NC
49	e30	e268	NC
49	e33	e174	NC
49	e61	e78	NC
49	e70	e153	NC
49	e71	e19	NC
49	e75	e238	NC
49	e100	e72	NC
49	e100	e265	NC
49	e107	e329	NC
49	e118	e177	NC
49	e118	e220	NC
49	e134	e83	NC
49	e152	e303	NC
49	e157	e224	NC
49	e163	e151	NC
49	e166	e309	NC
49	e171	e133	NC
49	e175	e6	NC
49	e179	e188	NC
49	e194	e19	NC
49	e198	e65	NC
49	e200	e77	NC
49	e202	e268	NC
49	e227	e259	NC
49	e242	e69	NC
49	e255	e81	NC
49	e255	e263	NC
49	e263	e290	NC
49	e271	e59	NC
49	e288	e256	NC
49	e294	e99	NC
49	e299	e193	NC
49	e306	e26	NC
49	e310	e227	NC
49	e313	e266	NC
49	e325	e51	NC
49	e334	e258	NC
50	e9	e16	C
50	e10	e17	C
50	e11	e18	C
50	e52	e51	C
50	e60	e59	C
50	e69	e70	C
50	e77	e87	C
50	e92	e91	C
50	e109	e108	C
50	e119	e114	C
50	e214	e217	C
50	e244	e246	C
50	e264	e268	C
50	e324	e327	C
50	e336	e337	C
50	e20	e205	NC
50	e26	e11	NC
50	e50	e121	NC
50	e78	e251	NC
50	e87	e35	NC
50	e100	e138	NC
50	e148	e88	NC
50	e192	e78	NC
50	e195	e135	NC
50	e201	e294	NC
50	e205	e2	NC
50	e230	e112	NC
50	e256	e307	NC
50	e287	e240	NC
50	e312	e41	NC
51	e41	e42	C
51	e50	e53	C
51	e51	e52	C
51	e117	e121	C
51	e119	e121	C
51	e166	e147	C
51	e167	e147	C
51	e169	e147	C
51	e188	e190	C
51	e201	e190	C
51	e209	e220	C
51	e220	e221	C
51	e238	e237	C
51	e239	e237	C
51	e240	e237	C
51	e209	e221	C
51	e2	e218	NC
51	e4	e8	NC
51	e8	e81	NC
51	e20	e208	NC
51	e54	e116	NC
51	e61	e51	NC
51	e74	e16	NC
51	e81	e199	NC
51	e87	e15	NC
51	e88	e99	NC
51	e97	e151	NC
51	e122	e194	NC
51	e124	e208	NC
51	e214	e17	NC
51	e215	e47	NC
51	e229	e238	NC
52	e76	e77	C
52	e81	e69	C
52	e148	e147	C
52	e155	e157	C
52	e160	e162	C
52	e165	e167	C
52	e168	e197	C
52	e197	e218	C
52	e203	e205	C
52	e211	e212	C
52	e218	e220	C
52	e220	e248	C
52	e246	e250	C
52	e247	e251	C
52	e168	e218	C
52	e197	e220	C
52	e218	e248	C
52	e168	e220	C
52	e197	e248	C
52	e168	e248	C
52	e1	e146	NC
52	e16	e168	NC
52	e32	e101	NC
52	e47	e142	NC
52	e80	e230	NC
52	e96	e81	NC
52	e106	e91	NC
52	e153	e226	NC
52	e160	e233	NC
52	e163	e193	NC
52	e183	e48	NC
52	e183	e172	NC
52	e192	e139	NC
52	e193	e22	NC
52	e201	e241	NC
52	e212	e211	NC
52	e214	e11	NC
52	e218	e32	NC
52	e244	e94	NC
52	e253	e155	NC
53	e79	e80	C
53	e83	e82	C
53	e125	e127	C
53	e126	e127	C
53	e57	e50	NC
53	e58	e33	NC
53	e86	e136	NC
53	e87	e94	NC
54	e23	e24	C
54	e24	e25	C
54	e64	e67	C
54	e66	e64	C
54	e82	e83	C
54	e97	e102	C
54	e101	e97	C
54	e101	e104	C
54	e170	e174	C
54	e172	e176	C
54	e173	e178	C
54	e213	e215	C
54	e234	e237	C
54	e236	e233	C
54	e23	e25	C
54	e66	e67	C
54	e101	e102	C
54	e2	e182	NC
54	e7	e158	NC
54	e11	e67	NC
54	e52	e239	NC
54	e67	e220	NC
54	e75	e111	NC
54	e90	e147	NC
54	e132	e228	NC
54	e133	e178	NC
54	e150	e68	NC
54	e163	e113	NC
54	e199	e10	NC
54	e202	e179	NC
54	e208	e10	NC
54	e211	e100	NC
54	e213	e160	NC
54	e245	e223	NC
55	e3	e4	C
55	e20	e24	C
55	e21	e24	C
55	e22	e24	C
55	e23	e24	C
55	e33	e32	C
55	e45	e46	C
55	e64	e65	C
55	e64	e66	C
55	e64	e67	C
55	e70	e69	C
55	e92	e96	C
55	e228	e235	C
55	e234	e238	C
55	e255	e254	C
55	e277	e254	C
55	e281	e254	C
55	e290	e254	C
55	e297	e298	C
55	e302	e297	C
55	e302	e298	C
55	e0	e171	NC
55	e3	e70	NC
55	e19	e90	NC
55	e36	e173	NC
55	e58	e4	NC
55	e72	e179	NC
55	e81	e116	NC
55	e89	e134	NC
55	e105	e181	NC
55	e134	e59	NC
55	e152	e3	NC
55	e160	e265	NC
55	e171	e211	NC
55	e172	e115	NC
55	e200	e274	NC
55	e220	e223	NC
55	e222	e239	NC
55	e238	e206	NC
55	e253	e118	NC
55	e266	e174	NC
55	e294	e203	NC
56	e6	e12	C
56	e12	e48	C
56	e26	e28	C
56	e45	e46	C
56	e102	e110	C
56	e102	e111	C
56	e228	e230	C
56	e231	e237	C
56	e262	e267	C
56	e263	e266	C
56	e291	e296	C
56	e297	e300	C
56	e316	e317	C
56	e318	e316	C
56	e348	e347	C
56	e6	e48	C
56	e318	e317	C
56	e16	e211	NC
56	e43	e343	NC
56	e53	e323	NC
56	e63	e121	NC
56	e65	e303	NC
56	e89	e91	NC
56	e93	e325	NC
56	e126	e113	NC
56	e143	e281	NC
56	e148	e100	NC
56	e210	e275	NC
56	e212	e267	NC
56	e217	e277	NC
56	e222	e45	NC
56	e262	e206	NC
56	e303	e163	NC
56	e326	e153	NC
57	e3	e4	C
57	e14	e16	C
57	e33	e37	C
57	e37	e38	C
57	e115	e116	C
57	e119	e118	C
57	e179	e177	C
57	e289	e292	C
57	e292	e298	C
57	e295	e296	C
57	e313	e310	C
57	e316	e315	C
57	e320	e319	C
57	e327	e329	C
57	e332	e333	C
57	e347	e348	C
57	e33	e38	C
57	e289	e298	C
57	e29	e243	NC
57	e33	e256	NC
57	e34	e160	NC
57	e34	e308	NC
57	e38	e167	NC
57	e41	e330	NC
57	e48	e157	NC
57	e50	e33	NC
57	e85	e151	NC
57	e120	e50	NC
57	e131	e273	NC
57	e131	e314	NC
57	e135	e191	NC
57	e265	e267	NC
57	e317	e22	NC
57	e331	e155	NC
57	e331	e286	NC
57	e346	e80	NC
58	e4	e7	C
58	e13	e14	C
58	e14	e23	C
58	e21	e47	C
58	e23	e24	C
58	e23	e27	C
58	e24	e37	C
58	e27	e46	C
58	e37	e63	C
58	e38	e41	C
58	e41	e48	C
58	e46	e50	C
58	e46	e132	C
58	e47	e50	C
58	e47	e58	C
58	e48	e50	C
58	e48	e59	C
58	e50	e53	C
58	e53	e113	C
58	e58	e133	C
58	e59	e134	C
58	e105	e123	C
58	e113	e115	C
58	e115	e142	C
58	e132	e144	C
58	e134	e209	C
58	e140	e141	C
58	e142	e147	C
58	e145	e148	C
58	e147	e158	C
58	e158	e168	C
58	e159	e163	C
58	e161	e171	C
58	e162	e159	C
58	e163	e169	C
58	e169	e176	C
58	e173	e169	C
58	e178	e180	C
58	e181	e192	C
58	e195	e194	C
58	e200	e211	C
58	e209	e213	C
58	e227	e230	C
58	e230	e233	C
58	e233	e235	C
58	e242	e245	C
58	e243	e238	C
58	e257	e253	C
58	e258	e264	C
58	e264	e269	C
58	e268	e291	C
58	e269	e276	C
58	e276	e286	C
58	e277	e278	C
58	e286	e300	C
58	e300	e310	C
58	e301	e303	C
58	e302	e305	C
58	e303	e307	C
58	e305	e308	C
58	e13	e23	C
58	e14	e24	C
58	e14	e27	C
58	e21	e50	C
58	e21	e58	C
58	e23	e37	C
58	e23	e46	C
58	e24	e63	C
58	e27	e50	C
58	e27	e132	C
58	e38	e48	C
58	e41	e50	C
58	e41	e59	C
58	e46	e53	C
58	e46	e144	C
58	e47	e53	C
58	e47	e133	C
58	e48	e53	C
58	e48	e134	C
58	e50	e113	C
58	e53	e115	C
58	e59	e209	C
58	e113	e142	C
58	e115	e147	C
58	e134	e213	C
58	e142	e158	C
58	e147	e168	C
58	e159	e169	C
58	e162	e163	C
58	e163	e176	C
58	e173	e176	C
58	e227	e233	C
58	e230	e235	C
58	e258	e269	C
58	e264	e276	C
58	e269	e286	C
58	e276	e300	C
58	e286	e310	C
58	e301	e307	C
58	e302	e308	C
58	e13	e24	C
58	e13	e27	C
58	e14	e37	C
58	e14	e46	C
58	e21	e53	C
58	e21	e133	C
58	e23	e63	C
58	e23	e50	C
58	e23	e132	C
58	e27	e53	C
58	e27	e144	C
58	e38	e50	C
58	e38	e59	C
58	e41	e53	C
58	e41	e134	C
58	e46	e113	C
58	e47	e113	C
58	e48	e113	C
58	e48	e209	C
58	e50	e115	C
58	e53	e142	C
58	e59	e213	C
58	e113	e147	C
58	e115	e158	C
58	e142	e168	C
58	e159	e176	C
58	e162	e169	C
58	e227	e235	C
58	e258	e276	C
58	e264	e286	C
58	e269	e300	C
58	e276	e310	C
58	e13	e37	C
58	e13	e46	C
58	e14	e63	C
58	e14	e50	C
58	e14	e132	C
58	e21	e113	C
58	e23	e53	C
58	e23	e144	C
58	e27	e113	C
58	e38	e53	C
58	e38	e134	C
58	e41	e113	C
58	e41	e209	C
58	e46	e115	C
58	e47	e115	C
58	e48	e115	C
58	e48	e213	C
58	e50	e142	C
58	e53	e147	C
58	e113	e158	C
58	e115	e168	C
58	e162	e176	C
58	e258	e286	C
58	e264	e300	C
58	e269	e310	C
58	e13	e63	C
58	e13	e50	C
58	e13	e132	C
58	e14	e53	C
58	e14	e144	C
58	e21	e115	C
58	e23	e113	C
58	e27	e115	C
58	e38	e113	C
58	e38	e209	C
58	e41	e115	C
58	e41	e213	C
58	e46	e142	C
58	e47	e142	C
58	e48	e142	C
58	e50	e147	C
58	e53	e158	C
58	e113	e168	C
58	e258	e300	C
58	e264	e310	C
58	e13	e53	C
58	e13	e144	C
58	e14	e113	C
58	e21	e142	C
58	e23	e115	C
58	e27	e142	C
58	e38	e115	C
58	e38	e213	C
58	e41	e142	C
58	e46	e147	C
58	e47	e147	C
58	e48	e147	C
58	e50	e158	C
58	e53	e168	C
58	e258	e310	C
58	e13	e113	C
58	e14	e115	C
58	e21	e147	C
58	e23	e142	C
58	e27	e147	C
58	e38	e142	C
58	e41	e147	C
58	e46	e158	C
58	e47	e158	C
58	e48	e158	C
58	e50	e168	C
58	e13	e115	C
58	e14	e142	C
58	e21	e158	C
58	e23	e147	C
58	e27	e158	C
58	e38	e147	C
58	e41	e158	C
58	e46	e168	C
58	e47	e168	C
58	e48	e168	C
58	e13	e142	C
58	e14	e147	C
58	e21	e168	C
58	e23	e158	C
58	e27	e168	C
58	e38	e158	C
58	e41	e168	C
58	e13	e147	C
58	e14	e158	C
58	e23	e168	C
58	e38	e168	C
58	e13	e158	C
58	e14	e168	C
58	e13	e168	C
58	e0	e292	NC
58	e3	e171	NC
58	e4	e63	NC
58	e4	e187	NC
58	e5	e29	NC
58	e6	e54	NC
58	e8	e88	NC
58	e9	e135	NC
58	e12	e304	NC
58	e14	e181	NC
58	e15	e2	NC
58	e15	e272	NC
58	e16	e200	NC
58	e17	e89	NC
58	e20	e307	NC
58	e21	e120	NC
58	e22	e207	NC
58	e23	e222	NC
58	e24	e159	NC
58	e25	e17	NC
58	e25	e204	NC
58	e28	e221	NC
58	e30	e276	NC
58	e31	e297	NC
58	e32	e300	NC
58	e33	e51	NC
58	e33	e124	NC
58	e33	e134	NC
58	e34	e189	NC
58	e35	e29	NC
58	e35	e37	NC
58	e36	e121	NC
58	e36	e164	NC
58	e40	e204	NC
58	e41	e283	NC
58	e43	e17	NC
58	e43	e94	NC
58	e46	e181	NC
58	e46	e184	NC
58	e51	e211	NC
58	e51	e305	NC
58	e52	e106	NC
58	e52	e246	NC
58	e53	e235	NC
58	e54	e198	NC
58	e57	e194	NC
58	e59	e57	NC
58	e61	e149	NC
58	e61	e219	NC
58	e63	e161	NC
58	e63	e162	NC
58	e64	e220	NC
58	e65	e155	NC
58	e72	e25	NC
58	e73	e46	NC
58	e75	e19	NC
58	e76	e237	NC
58	e79	e226	NC
58	e80	e115	NC
58	e81	e111	NC
58	e83	e39	NC
58	e83	e226	NC
58	e84	e286	NC
58	e86	e65	NC
58	e86	e84	NC
58	e88	e169	NC
58	e89	e157	NC
58	e90	e100	NC
58	e91	e152	NC
58	e92	e277	NC
58	e94	e281	NC
58	e94	e295	NC
58	e97	e127	NC
58	e97	e160	NC
58	e99	e281	NC
58	e101	e82	NC
58	e101	e145	NC
58	e106	e91	NC
58	e107	e75	NC
58	e108	e58	NC
58	e110	e101	NC
58	e112	e129	NC
58	e114	e277	NC
58	e116	e264	NC
58	e119	e106	NC
58	e120	e203	NC
58	e122	e97	NC
58	e124	e65	NC
58	e124	e269	NC
58	e128	e92	NC
58	e131	e231	NC
58	e135	e182	NC
58	e137	e166	NC
58	e138	e265	NC
58	e139	e151	NC
58	e141	e14	NC
58	e142	e248	NC
58	e143	e73	NC
58	e145	e37	NC
58	e146	e151	NC
58	e148	e251	NC
58	e149	e117	NC
58	e149	e304	NC
58	e152	e59	NC
58	e152	e214	NC
58	e153	e114	NC
58	e154	e263	NC
58	e156	e117	NC
58	e161	e261	NC
58	e167	e52	NC
58	e167	e144	NC
58	e169	e141	NC
58	e170	e101	NC
58	e171	e261	NC
58	e174	e40	NC
58	e174	e54	NC
58	e176	e170	NC
58	e178	e3	NC
58	e178	e134	NC
58	e179	e104	NC
58	e181	e16	NC
58	e181	e160	NC
58	e183	e251	NC
58	e187	e57	NC
58	e188	e281	NC
58	e189	e15	NC
58	e189	e230	NC
58	e189	e277	NC
58	e191	e163	NC
58	e192	e37	NC
58	e192	e73	NC
58	e192	e283	NC
58	e193	e33	NC
58	e193	e134	NC
58	e194	e97	NC
58	e195	e106	NC
58	e195	e199	NC
58	e196	e15	NC
58	e196	e158	NC
58	e197	e306	NC
58	e198	e276	NC
58	e199	e1	NC
58	e199	e168	NC
58	e201	e12	NC
58	e202	e178	NC
58	e203	e270	NC
58	e205	e309	NC
58	e207	e228	NC
58	e210	e59	NC
58	e211	e70	NC
58	e211	e298	NC
58	e211	e306	NC
58	e215	e216	NC
58	e216	e3	NC
58	e216	e286	NC
58	e217	e178	NC
58	e218	e81	NC
58	e219	e215	NC
58	e220	e43	NC
58	e222	e187	NC
58	e223	e5	NC
58	e226	e92	NC
58	e226	e186	NC
58	e227	e84	NC
58	e228	e221	NC
58	e229	e261	NC
58	e231	e52	NC
58	e232	e107	NC
58	e233	e73	NC
58	e233	e282	NC
58	e234	e36	NC
58	e234	e203	NC
58	e235	e110	NC
58	e235	e240	NC
58	e236	e273	NC
58	e236	e298	NC
58	e238	e33	NC
58	e238	e73	NC
58	e239	e124	NC
58	e241	e43	NC
58	e241	e158	NC
58	e242	e175	NC
58	e242	e302	NC
58	e243	e36	NC
58	e243	e62	NC
58	e244	e181	NC
58	e246	e253	NC
58	e247	e143	NC
58	e247	e294	NC
58	e248	e239	NC
58	e249	e18	NC
58	e252	e195	NC
58	e252	e300	NC
58	e255	e93	NC
58	e255	e290	NC
58	e256	e94	NC
58	e257	e276	NC
58	e259	e53	NC
58	e259	e237	NC
58	e260	e89	NC
58	e267	e68	NC
58	e267	e191	NC
58	e270	e297	NC
58	e273	e39	NC
58	e273	e291	NC
58	e277	e19	NC
58	e279	e109	NC
58	e281	e265	NC
58	e282	e197	NC
58	e286	e221	NC
58	e286	e269	NC
58	e288	e188	NC
58	e290	e59	NC
58	e293	e162	NC
58	e294	e210	NC
58	e295	e54	NC
58	e296	e259	NC
58	e297	e197	NC
58	e302	e31	NC
58	e303	e279	NC
58	e305	e8	NC
58	e305	e41	NC
58	e306	e227	NC
58	e307	e147	NC
58	e310	e181	NC
58	e310	e197	NC
58	e311	e245	NC
59	e4	e5	C
59	e38	e42	C
59	e39	e43	C
59	e40	e44	C
59	e73	e75	C
59	e73	e78	C
59	e75	e78	C
59	e84	e81	C
59	e85	e81	C
59	e87	e88	C
59	e103	e104	C
59	e106	e107	C
59	e107	e110	C
59	e120	e122	C
59	e138	e137	C
59	e149	e148	C
59	e152	e153	C
59	e154	e155	C
59	e157	e161	C
59	e106	e110	C
59	e2	e55	NC
59	e3	e149	NC
59	e4	e179	NC
59	e20	e70	NC
59	e42	e0	NC
59	e43	e120	NC
59	e48	e90	NC
59	e63	e169	NC
59	e86	e18	NC
59	e90	e152	NC
59	e115	e90	NC
59	e118	e133	NC
59	e125	e82	NC
59	e144	e86	NC
59	e146	e140	NC
59	e155	e31	NC
59	e159	e68	NC
59	e165	e1	NC
59	e176	e137	NC
59	e186	e91	NC
60	e2	e5	C
60	e5	e8	C
60	e29	e31	C
60	e33	e34	C
60	e34	e36	C
60	e39	e41	C
60	e41	e43	C
60	e44	e46	C
60	e53	e54	C
60	e58	e59	C
60	e253	e268	C
60	e253	e269	C
60	e253	e270	C
60	e253	e271	C
60	e253	e272	C
60	e253	e274	C
60	e287	e291	C
60	e287	e292	C
60	e287	e293	C
60	e345	e344	C
60	e350	e349	C
60	e354	e353	C
60	e358	e357	C
60	e367	e368	C
60	e374	e378	C
60	e2	e8	C
60	e33	e36	C
60	e39	e43	C
60	e14	e126	NC
60	e49	e92	NC
60	e56	e346	NC
60	e57	e83	NC
60	e80	e313	NC
60	e98	e3	NC
60	e117	e377	NC
60	e143	e254	NC
60	e149	e341	NC
60	e150	e356	NC
60	e177	e354	NC
60	e182	e132	NC
60	e200	e3	NC
60	e205	e3	NC
60	e208	e259	NC
60	e227	e356	NC
60	e234	e14	NC
60	e252	e286	NC
60	e255	e352	NC
60	e270	e181	NC
60	e291	e320	NC
60	e312	e374	NC
60	e317	e172	NC
60	e329	e74	NC
60	e352	e50	NC
60	e365	e91	NC
60	e382	e99	NC
60	e393	e41	NC
61	e11	e12	C
61	e13	e14	C
61	e92	e93	C
61	e131	e134	C
61	e131	e135	C
61	e140	e141	C
61	e142	e143	C
61	e143	e145	C
61	e152	e153	C
61	e153	e155	C
61	e157	e159	C
61	e199	e202	C
61	e261	e266	C
61	e263	e261	C
61	e265	e266	C
61	e142	e145	C
61	e152	e155	C
61	e263	e266	C
61	e16	e58	NC
61	e17	e166	NC
61	e22	e187	NC
61	e23	e145	NC
61	e32	e2	NC
61	e40	e11	NC
61	e52	e196	NC
61	e62	e83	NC
61	e77	e34	NC
61	e78	e206	NC
61	e107	e61	NC
61	e128	e194	NC
61	e145	e181	NC
61	e164	e44	NC
61	e196	e121	NC
61	e230	e28	NC
61	e255	e240	NC
61	e262	e44	NC
88	e89	e91	C
88	e124	e131	C
88	e125	e132	C
88	e134	e132	C
88	e146	e150	C
88	e149	e146	C
88	e233	e237	C
88	e239	e250	C
88	e244	e241	C
88	e250	e257	C
88	e256	e257	C
88	e149	e150	C
88	e239	e257	C
88	e7	e106	NC
88	e27	e158	NC
88	e48	e86	NC
88	e71	e146	NC
88	e100	e217	NC
88	e120	e54	NC
88	e142	e102	NC
88	e157	e174	NC
88	e184	e156	NC
88	e231	e48	NC
88	e243	e100	NC
88	e249	e206	NC
88	e251	e254	NC
63	e1	e8	C
63	e6	e10	C
63	e7	e19	C
63	e103	e104	C
63	e112	e111	C
63	e136	e135	C
63	e158	e157	C
63	e185	e188	C
63	e39	e160	NC
63	e42	e70	NC
63	e51	e168	NC
63	e55	e3	NC
63	e113	e134	NC
63	e152	e130	NC
63	e168	e42	NC
63	e194	e80	NC
64	e6	e12	C
64	e9	e11	C
64	e44	e46	C
64	e46	e48	C
64	e48	e50	C
64	e50	e52	C
64	e52	e55	C
64	e53	e54	C
64	e55	e57	C
64	e57	e59	C
64	e70	e62	C
64	e101	e98	C
64	e108	e116	C
64	e114	e112	C
64	e118	e119	C
64	e132	e138	C
64	e135	e146	C
64	e138	e142	C
64	e142	e150	C
64	e181	e183	C
64	e186	e185	C
64	e44	e48	C
64	e46	e50	C
64	e48	e52	C
64	e50	e55	C
64	e52	e57	C
64	e55	e59	C
64	e132	e142	C
64	e138	e150	C
64	e44	e50	C
64	e46	e52	C
64	e48	e55	C
64	e50	e57	C
64	e52	e59	C
64	e132	e150	C
64	e44	e52	C
64	e46	e55	C
64	e48	e57	C
64	e50	e59	C
64	e44	e55	C
64	e46	e57	C
64	e48	e59	C
64	e44	e57	C
64	e46	e59	C
64	e44	e59	C
64	e3	e88	NC
64	e12	e162	NC
64	e17	e6	NC
64	e20	e48	NC
64	e21	e19	NC
64	e25	e31	NC
64	e30	e150	NC
64	e34	e74	NC
64	e36	e80	NC
64	e41	e137	NC
64	e43	e169	NC
64	e46	e125	NC
64	e47	e56	NC
64	e51	e34	NC
64	e54	e74	NC
64	e58	e72	NC
64	e63	e56	NC
64	e69	e21	NC
64	e70	e15	NC
64	e75	e47	NC
64	e75	e189	NC
64	e76	e9	NC
64	e82	e116	NC
64	e89	e164	NC
64	e89	e177	NC
64	e91	e101	NC
64	e95	e88	NC
64	e97	e90	NC
64	e106	e105	NC
64	e110	e119	NC
64	e112	e108	NC
64	e115	e38	NC
64	e130	e182	NC
64	e139	e166	NC
64	e140	e85	NC
64	e140	e100	NC
64	e147	e73	NC
64	e148	e122	NC
64	e156	e33	NC
64	e158	e155	NC
64	e167	e48	NC
64	e171	e132	NC
64	e178	e108	NC
64	e181	e92	NC
64	e192	e32	NC
65	e40	e44	C
65	e47	e48	C
65	e49	e50	C
65	e60	e65	C
65	e61	e66	C
65	e63	e64	C
65	e74	e77	C
65	e87	e89	C
65	e98	e97	C
65	e103	e99	C
65	e105	e106	C
65	e109	e114	C
65	e110	e115	C
65	e151	e147	C
65	e153	e154	C
65	e175	e180	C
65	e175	e209	C
65	e176	e178	C
65	e194	e196	C
65	e209	e202	C
65	e209	e208	C
65	e175	e202	C
65	e175	e208	C
65	e32	e136	NC
65	e34	e148	NC
65	e50	e131	NC
65	e54	e146	NC
65	e64	e23	NC
65	e64	e210	NC
65	e82	e186	NC
65	e84	e225	NC
65	e92	e185	NC
65	e133	e215	NC
65	e137	e193	NC
65	e155	e30	NC
65	e161	e72	NC
65	e165	e126	NC
65	e165	e147	NC
65	e166	e185	NC
65	e182	e35	NC
65	e185	e207	NC
65	e192	e196	NC
65	e193	e143	NC
65	e199	e15	NC
65	e211	e38	NC
65	e236	e36	NC
66	e73	e74	C
66	e76	e77	C
66	e78	e79	C
66	e79	e84	C
66	e89	e87	C
66	e91	e87	C
66	e118	e121	C
66	e123	e125	C
66	e127	e128	C
66	e128	e129	C
66	e131	e132	C
66	e140	e144	C
66	e178	e188	C
66	e194	e193	C
66	e203	e206	C
66	e206	e209	C
66	e211	e213	C
66	e217	e221	C
66	e223	e224	C
66	e226	e229	C
66	e232	e234	C
66	e235	e236	C
66	e236	e240	C
66	e245	e247	C
66	e248	e251	C
66	e252	e254	C
66	e256	e255	C
66	e260	e255	C
66	e281	e288	C
66	e282	e289	C
66	e292	e294	C
66	e293	e292	C
66	e294	e295	C
66	e295	e298	C
66	e311	e306	C
66	e314	e318	C
66	e78	e84	C
66	e127	e129	C
66	e203	e209	C
66	e235	e240	C
66	e292	e295	C
66	e293	e294	C
66	e294	e298	C
66	e292	e298	C
66	e293	e295	C
66	e293	e298	C
66	e2	e182	NC
66	e4	e262	NC
66	e7	e336	NC
66	e15	e220	NC
66	e18	e89	NC
66	e25	e149	NC
66	e27	e119	NC
66	e54	e242	NC
66	e58	e332	NC
66	e66	e49	NC
66	e88	e221	NC
66	e94	e317	NC
66	e104	e263	NC
66	e109	e231	NC
66	e109	e348	NC
66	e116	e121	NC
66	e117	e28	NC
66	e121	e7	NC
66	e136	e233	NC
66	e145	e2	NC
66	e147	e102	NC
66	e151	e180	NC
66	e152	e173	NC
66	e154	e34	NC
66	e161	e225	NC
66	e168	e304	NC
66	e179	e138	NC
66	e182	e125	NC
66	e183	e47	NC
66	e192	e88	NC
66	e205	e278	NC
66	e211	e105	NC
66	e219	e230	NC
66	e228	e162	NC
66	e232	e229	NC
66	e244	e325	NC
66	e250	e269	NC
66	e260	e253	NC
66	e273	e200	NC
66	e282	e344	NC
66	e286	e170	NC
66	e298	e246	NC
66	e310	e337	NC
66	e322	e260	NC
66	e336	e19	NC
66	e341	e325	NC
67	e3	e4	C
67	e45	e47	C
67	e58	e62	C
67	e60	e66	C
67	e72	e74	C
67	e109	e102	C
67	e112	e116	C
67	e122	e102	C
67	e126	e102	C
67	e137	e142	C
67	e152	e154	C
67	e226	e232	C
67	e239	e244	C
67	e240	e238	C
67	e245	e242	C
67	e248	e250	C
67	e7	e201	NC
67	e16	e153	NC
67	e22	e127	NC
67	e52	e125	NC
67	e76	e11	NC
67	e80	e132	NC
67	e84	e123	NC
67	e114	e128	NC
67	e118	e207	NC
67	e119	e191	NC
67	e166	e57	NC
67	e167	e51	NC
67	e167	e185	NC
67	e168	e135	NC
67	e201	e220	NC
67	e234	e95	NC
68	e24	e25	C
68	e29	e45	C
68	e36	e40	C
68	e56	e58	C
68	e69	e67	C
68	e82	e87	C
68	e83	e88	C
68	e106	e115	C
68	e107	e109	C
68	e118	e114	C
68	e142	e144	C
68	e192	e193	C
68	e205	e204	C
68	e206	e216	C
68	e212	e222	C
68	e229	e240	C
68	e230	e233	C
68	e233	e241	C
68	e243	e246	C
68	e258	e257	C
68	e264	e266	C
68	e284	e281	C
68	e300	e293	C
68	e302	e293	C
68	e313	e314	C
68	e326	e324	C
68	e337	e336	C
68	e342	e348	C
68	e343	e342	C
68	e345	e342	C
68	e358	e359	C
68	e361	e360	C
68	e230	e241	C
68	e343	e348	C
68	e345	e348	C
68	e11	e218	NC
68	e14	e18	NC
68	e21	e219	NC
68	e32	e305	NC
68	e46	e100	NC
68	e55	e117	NC
68	e57	e4	NC
68	e112	e368	NC
68	e120	e117	NC
68	e124	e331	NC
68	e126	e208	NC
68	e128	e115	NC
68	e133	e146	NC
68	e146	e252	NC
68	e147	e187	NC
68	e155	e362	NC
68	e168	e161	NC
68	e172	e244	NC
68	e178	e349	NC
68	e194	e364	NC
68	e200	e118	NC
68	e202	e99	NC
68	e211	e264	NC
68	e213	e128	NC
68	e238	e351	NC
68	e263	e210	NC
68	e270	e130	NC
68	e285	e307	NC
68	e319	e97	NC
68	e324	e162	NC
68	e333	e228	NC
68	e339	e45	NC
68	e345	e14	NC
68	e354	e127	NC
68	e359	e124	NC
69	e2	e3	C
69	e27	e32	C
69	e28	e33	C
69	e53	e54	C
69	e75	e76	C
69	e75	e99	C
69	e113	e112	C
69	e125	e112	C
69	e126	e130	C
69	e127	e131	C
69	e128	e132	C
69	e168	e166	C
69	e169	e166	C
69	e170	e166	C
69	e4	e239	NC
69	e5	e45	NC
69	e47	e169	NC
69	e73	e293	NC
69	e108	e63	NC
69	e132	e121	NC
69	e149	e268	NC
69	e189	e36	NC
69	e199	e102	NC
69	e218	e211	NC
69	e232	e159	NC
69	e236	e67	NC
69	e246	e178	NC
69	e272	e183	NC
70	e1	e3	C
70	e8	e10	C
70	e15	e17	C
70	e22	e24	C
70	e36	e38	C
70	e43	e44	C
70	e44	e46	C
70	e51	e52	C
70	e67	e69	C
70	e127	e113	C
70	e149	e148	C
70	e155	e156	C
70	e156	e158	C
70	e203	e204	C
70	e204	e206	C
70	e43	e46	C
70	e155	e158	C
70	e203	e206	C
70	e5	e120	NC
70	e20	e57	NC
70	e27	e28	NC
70	e51	e87	NC
70	e53	e23	NC
70	e54	e77	NC
70	e66	e70	NC
70	e77	e145	NC
70	e80	e202	NC
70	e100	e55	NC
70	e121	e150	NC
70	e125	e144	NC
70	e141	e134	NC
70	e153	e23	NC
70	e164	e42	NC
70	e167	e10	NC
70	e172	e79	NC
70	e187	e167	NC
90	e50	e54	C
90	e51	e55	C
90	e127	e128	C
90	e134	e133	C
90	e176	e180	C
90	e206	e210	C
90	e207	e211	C
90	e208	e212	C
90	e242	e244	C
90	e242	e246	C
90	e245	e259	C
90	e246	e247	C
90	e250	e247	C
90	e251	e248	C
90	e287	e290	C
90	e242	e247	C
90	e24	e215	NC
90	e44	e173	NC
90	e72	e49	NC
90	e74	e51	NC
90	e81	e87	NC
90	e128	e207	NC
90	e155	e226	NC
90	e157	e239	NC
90	e162	e6	NC
90	e164	e225	NC
90	e183	e2	NC
90	e217	e58	NC
90	e217	e238	NC
90	e258	e12	NC
90	e286	e72	NC
90	e302	e218	NC
72	e12	e14	C
72	e22	e23	C
72	e28	e30	C
72	e51	e52	C
72	e55	e56	C
72	e243	e250	C
72	e271	e272	C
72	e283	e281	C
72	e289	e293	C
72	e289	e294	C
72	e291	e292	C
72	e291	e293	C
72	e291	e294	C
72	e292	e299	C
72	e294	e299	C
72	e295	e299	C
72	e299	e300	C
72	e328	e329	C
72	e328	e330	C
72	e328	e333	C
72	e289	e299	C
72	e291	e299	C
72	e292	e300	C
72	e294	e300	C
72	e295	e300	C
72	e289	e300	C
72	e291	e300	C
72	e2	e316	NC
72	e7	e203	NC
72	e20	e244	NC
72	e25	e111	NC
72	e29	e235	NC
72	e40	e128	NC
72	e69	e291	NC
72	e79	e75	NC
72	e85	e11	NC
72	e98	e27	NC
72	e115	e55	NC
72	e116	e46	NC
72	e117	e68	NC
72	e141	e204	NC
72	e150	e330	NC
72	e193	e45	NC
72	e199	e159	NC
72	e207	e61	NC
72	e212	e315	NC
72	e217	e122	NC
72	e238	e318	NC
72	e265	e191	NC
72	e282	e201	NC
72	e312	e173	NC
72	e312	e292	NC
72	e323	e321	NC
72	e332	e207	NC
73	e19	e21	C
73	e91	e90	C
73	e154	e156	C
73	e154	e159	C
73	e227	e234	C
73	e250	e252	C
73	e250	e256	C
73	e262	e272	C
73	e265	e262	C
73	e265	e264	C
73	e267	e266	C
73	e267	e271	C
73	e268	e266	C
73	e274	e272	C
73	e274	e273	C
73	e265	e272	C
73	e1	e178	NC
73	e4	e112	NC
73	e25	e99	NC
73	e71	e87	NC
73	e75	e275	NC
73	e86	e91	NC
73	e108	e214	NC
73	e134	e166	NC
73	e155	e26	NC
73	e161	e72	NC
73	e168	e113	NC
73	e183	e174	NC
73	e197	e85	NC
73	e211	e26	NC
73	e234	e163	NC
73	e247	e240	NC
74	e84	e86	C
74	e84	e87	C
74	e93	e94	C
74	e101	e102	C
74	e208	e211	C
74	e241	e246	C
74	e243	e246	C
74	e245	e246	C
74	e49	e159	NC
74	e54	e240	NC
74	e59	e9	NC
74	e96	e248	NC
74	e101	e231	NC
74	e102	e174	NC
74	e105	e22	NC
74	e152	e125	NC
75	e24	e23	C
75	e56	e63	C
75	e64	e55	C
75	e126	e132	C
75	e128	e132	C
75	e155	e159	C
75	e174	e171	C
75	e237	e241	C
75	e252	e257	C
75	e310	e305	C
75	e311	e305	C
75	e318	e313	C
75	e4	e145	NC
75	e21	e285	NC
75	e23	e267	NC
75	e30	e158	NC
75	e53	e155	NC
75	e135	e222	NC
75	e160	e233	NC
75	e206	e35	NC
75	e234	e301	NC
75	e250	e138	NC
75	e257	e200	NC
75	e316	e305	NC
76	e36	e37	C
76	e76	e75	C
76	e77	e75	C
76	e84	e83	C
76	e97	e95	C
76	e98	e101	C
76	e104	e95	C
76	e104	e98	C
76	e108	e105	C
76	e110	e105	C
76	e117	e119	C
76	e120	e115	C
76	e127	e128	C
76	e127	e129	C
76	e155	e147	C
76	e160	e161	C
76	e161	e169	C
76	e161	e172	C
76	e161	e185	C
76	e178	e180	C
76	e238	e235	C
76	e252	e254	C
76	e254	e255	C
76	e255	e256	C
76	e255	e264	C
76	e257	e258	C
76	e258	e261	C
76	e264	e262	C
76	e272	e279	C
76	e273	e280	C
76	e275	e279	C
76	e291	e295	C
76	e104	e101	C
76	e160	e169	C
76	e160	e172	C
76	e160	e185	C
76	e252	e255	C
76	e254	e256	C
76	e254	e264	C
76	e255	e262	C
76	e257	e261	C
76	e252	e256	C
76	e252	e264	C
76	e254	e262	C
76	e252	e262	C
76	e1	e250	NC
76	e5	e311	NC
76	e16	e196	NC
76	e18	e149	NC
76	e29	e217	NC
76	e31	e18	NC
76	e35	e33	NC
76	e41	e4	NC
76	e50	e275	NC
76	e65	e11	NC
76	e75	e148	NC
76	e77	e156	NC
76	e78	e72	NC
76	e80	e126	NC
76	e87	e235	NC
76	e94	e184	NC
76	e103	e155	NC
76	e105	e126	NC
76	e112	e306	NC
76	e116	e76	NC
76	e120	e262	NC
76	e137	e286	NC
76	e158	e259	NC
76	e164	e179	NC
76	e170	e160	NC
76	e173	e184	NC
76	e174	e254	NC
76	e222	e38	NC
76	e246	e224	NC
76	e250	e211	NC
76	e260	e137	NC
76	e264	e300	NC
76	e268	e303	NC
76	e272	e142	NC
76	e275	e105	NC
76	e279	e232	NC
76	e286	e195	NC
76	e287	e146	NC
76	e290	e108	NC
76	e297	e6	NC
76	e308	e8	NC
76	e309	e11	NC
76	e310	e134	NC
76	e315	e82	NC
76	e315	e154	NC
77	e41	e39	C
77	e91	e90	C
77	e98	e106	C
77	e119	e123	C
77	e135	e145	C
77	e135	e147	C
77	e137	e135	C
77	e144	e135	C
77	e146	e135	C
77	e148	e147	C
77	e149	e147	C
77	e169	e170	C
77	e176	e177	C
77	e310	e311	C
77	e325	e329	C
77	e325	e330	C
77	e327	e329	C
77	e327	e330	C
77	e137	e145	C
77	e137	e147	C
77	e144	e145	C
77	e144	e147	C
77	e146	e145	C
77	e146	e147	C
77	e1	e224	NC
77	e30	e171	NC
77	e47	e18	NC
77	e54	e264	NC
77	e65	e214	NC
77	e72	e227	NC
77	e75	e100	NC
77	e106	e137	NC
77	e107	e221	NC
77	e123	e148	NC
77	e143	e184	NC
77	e156	e312	NC
77	e186	e9	NC
77	e203	e296	NC
77	e208	e279	NC
77	e212	e71	NC
77	e213	e74	NC
77	e217	e236	NC
77	e231	e280	NC
77	e241	e324	NC
77	e250	e110	NC
77	e255	e142	NC
77	e256	e246	NC
77	e284	e282	NC
94	e47	e46	C
94	e97	e96	C
94	e154	e157	C
94	e186	e191	C
94	e187	e192	C
94	e200	e199	C
94	e205	e207	C
94	e8	e196	NC
94	e11	e193	NC
94	e137	e13	NC
94	e168	e103	NC
94	e170	e191	NC
94	e173	e58	NC
94	e200	e150	NC
79	e6	e8	C
79	e12	e37	C
79	e22	e12	C
79	e27	e12	C
79	e37	e43	C
79	e43	e48	C
79	e45	e46	C
79	e46	e51	C
79	e95	e158	C
79	e137	e136	C
79	e158	e173	C
79	e172	e157	C
79	e172	e190	C
79	e173	e191	C
79	e179	e185	C
79	e190	e195	C
79	e191	e196	C
79	e198	e203	C
79	e203	e222	C
79	e204	e192	C
79	e222	e300	C
79	e260	e259	C
79	e261	e259	C
79	e323	e331	C
79	e324	e329	C
79	e329	e341	C
79	e331	e340	C
79	e12	e43	C
79	e22	e37	C
79	e27	e37	C
79	e37	e48	C
79	e45	e51	C
79	e95	e173	C
79	e158	e191	C
79	e172	e195	C
79	e173	e196	C
79	e198	e222	C
79	e203	e300	C
79	e323	e340	C
79	e324	e341	C
79	e12	e48	C
79	e22	e43	C
79	e27	e43	C
79	e95	e191	C
79	e158	e196	C
79	e198	e300	C
79	e22	e48	C
79	e27	e48	C
79	e95	e196	C
79	e4	e137	NC
79	e8	e272	NC
79	e16	e228	NC
79	e22	e329	NC
79	e25	e44	NC
79	e31	e344	NC
79	e43	e277	NC
79	e45	e174	NC
79	e50	e30	NC
79	e60	e384	NC
79	e62	e58	NC
79	e72	e66	NC
79	e96	e103	NC
79	e97	e261	NC
79	e99	e175	NC
79	e107	e212	NC
79	e108	e109	NC
79	e115	e362	NC
79	e133	e184	NC
79	e144	e20	NC
79	e148	e176	NC
79	e162	e83	NC
79	e164	e30	NC
79	e165	e232	NC
79	e168	e228	NC
79	e175	e333	NC
79	e176	e198	NC
79	e177	e109	NC
79	e180	e91	NC
79	e188	e3	NC
79	e216	e174	NC
79	e252	e301	NC
79	e258	e260	NC
79	e260	e277	NC
79	e272	e123	NC
79	e273	e99	NC
79	e275	e156	NC
79	e283	e83	NC
79	e284	e52	NC
79	e299	e62	NC
79	e320	e103	NC
79	e340	e254	NC
79	e343	e386	NC
79	e350	e65	NC
79	e363	e332	NC
79	e367	e99	NC
79	e384	e84	NC
79	e387	e109	NC
79	e387	e343	NC
80	e27	e32	C
80	e42	e43	C
80	e57	e55	C
80	e61	e64	C
80	e69	e72	C
80	e72	e73	C
80	e105	e107	C
80	e115	e119	C
80	e121	e124	C
80	e148	e166	C
80	e251	e253	C
80	e270	e271	C
80	e272	e273	C
80	e69	e73	C
80	e11	e157	NC
80	e14	e258	NC
80	e17	e53	NC
80	e17	e235	NC
80	e39	e0	NC
80	e41	e85	NC
80	e97	e209	NC
80	e120	e148	NC
80	e149	e264	NC
80	e154	e308	NC
80	e215	e313	NC
80	e237	e6	NC
80	e267	e194	NC
80	e278	e263	NC
