91	e2	e4	C
91	e9	e15	C
91	e10	e52	C
91	e10	e206	C
91	e10	e300	C
91	e10	e301	C
91	e10	e309	C
91	e10	e317	C
91	e10	e319	C
91	e10	e328	C
91	e11	e159	C
91	e12	e116	C
91	e12	e128	C
91	e13	e142	C
91	e13	e251	C
91	e13	e312	C
91	e16	e23	C
91	e20	e50	C
91	e20	e61	C
91	e21	e285	C
91	e21	e303	C
91	e22	e307	C
91	e24	e95	C
91	e24	e195	C
91	e24	e248	C
91	e26	e64	C
91	e26	e131	C
91	e26	e198	C
91	e26	e269	C
91	e26	e321	C
91	e27	e65	C
91	e27	e132	C
91	e27	e199	C
91	e27	e270	C
91	e27	e322	C
91	e28	e66	C
91	e28	e133	C
91	e28	e200	C
91	e28	e271	C
91	e28	e323	C
91	e29	e67	C
91	e29	e134	C
91	e29	e201	C
91	e29	e272	C
91	e29	e324	C
91	e30	e68	C
91	e30	e273	C
91	e31	e86	C
91	e31	e94	C
91	e32	e102	C
91	e32	e112	C
91	e32	e122	C
91	e32	e155	C
91	e32	e209	C
91	e33	e87	C
91	e33	e103	C
91	e33	e113	C
91	e33	e123	C
91	e33	e193	C
91	e33	e231	C
91	e33	e254	C
91	e33	e262	C
91	e34	e127	C
91	e34	e274	C
91	e41	e218	C
91	e42	e45	C
91	e46	e104	C
91	e46	e119	C
91	e46	e124	C
91	e50	e61	C
91	e50	e77	C
91	e50	e97	C
91	e50	e145	C
91	e50	e158	C
91	e50	e226	C
91	e50	e258	C
91	e50	e286	C
91	e50	e293	C
91	e50	e306	C
91	e50	e310	C
91	e50	e329	C
91	e51	e187	C
91	e51	e205	C
91	e52	e328	C
91	e58	e60	C
91	e61	e77	C
91	e61	e97	C
91	e61	e145	C
91	e61	e158	C
91	e61	e226	C
91	e61	e258	C
91	e61	e286	C
91	e61	e293	C
91	e61	e306	C
91	e61	e310	C
91	e61	e329	C
91	e64	e131	C
91	e64	e198	C
91	e64	e269	C
91	e64	e321	C
91	e65	e132	C
91	e65	e199	C
91	e65	e270	C
91	e65	e322	C
91	e66	e133	C
91	e66	e200	C
91	e66	e271	C
91	e66	e323	C
91	e67	e134	C
91	e67	e201	C
91	e67	e272	C
91	e67	e324	C
91	e68	e135	C
91	e68	e202	C
91	e68	e273	C
91	e68	e325	C
91	e76	e78	C
91	e86	e94	C
91	e87	e103	C
91	e87	e113	C
91	e87	e123	C
91	e87	e193	C
91	e87	e231	C
91	e87	e254	C
91	e87	e262	C
91	e88	e118	C
91	e89	e105	C
91	e90	e114	C
91	e95	e195	C
91	e95	e248	C
91	e98	e243	C
91	e102	e112	C
91	e102	e122	C
91	e102	e155	C
91	e102	e209	C
91	e103	e113	C
91	e103	e123	C
91	e103	e193	C
91	e103	e231	C
91	e103	e254	C
91	e103	e262	C
91	e104	e119	C
91	e104	e124	C
91	e108	e126	C
91	e109	e141	C
91	e109	e157	C
91	e109	e224	C
91	e112	e122	C
91	e112	e155	C
91	e112	e209	C
91	e113	e123	C
91	e113	e193	C
91	e113	e231	C
91	e113	e254	C
91	e113	e262	C
91	e116	e128	C
91	e117	e129	C
91	e119	e124	C
91	e122	e155	C
91	e122	e209	C
91	e123	e193	C
91	e123	e231	C
91	e123	e254	C
91	e123	e262	C
91	e127	e274	C
91	e131	e198	C
91	e131	e269	C
91	e131	e321	C
91	e132	e199	C
91	e132	e270	C
91	e132	e322	C
91	e133	e200	C
91	e133	e271	C
91	e133	e323	C
91	e134	e201	C
91	e134	e272	C
91	e135	e273	C
91	e141	e157	C
91	e141	e224	C
91	e146	e282	C
91	e148	e194	C
91	e154	e203	C
91	e154	e210	C
91	e154	e220	C
91	e155	e209	C
91	e156	e253	C
91	e157	e224	C
91	e164	e255	C
91	e171	e189	C
91	e173	e174	C
91	e173	e175	C
91	e174	e175	C
91	e185	e266	C
91	e187	e205	C
91	e188	e192	C
91	e188	e221	C
91	e190	e241	C
91	e193	e231	C
91	e193	e254	C
91	e193	e262	C
91	e198	e269	C
91	e198	e321	C
91	e199	e270	C
91	e199	e322	C
91	e200	e271	C
91	e200	e323	C
91	e201	e272	C
91	e201	e324	C
91	e202	e273	C
91	e203	e210	C
91	e203	e220	C
91	e206	e328	C
91	e210	e220	C
91	e212	e216	C
91	e213	e237	C
91	e213	e246	C
91	e213	e249	C
91	e213	e256	C
91	e219	e297	C
91	e227	e307	C
91	e230	e295	C
91	e231	e254	C
91	e231	e262	C
91	e237	e246	C
91	e237	e249	C
91	e237	e256	C
91	e246	e249	C
91	e246	e256	C
91	e249	e256	C
91	e254	e262	C
91	e269	e321	C
91	e270	e322	C
91	e271	e323	C
91	e272	e324	C
91	e273	e325	C
91	e276	e292	C
91	e285	e303	C
91	e287	e307	C
91	e305	e327	C
91	e307	e311	C
91	e307	e330	C
91	e20	e77	C
91	e20	e97	C
91	e20	e145	C
91	e20	e158	C
91	e20	e226	C
91	e20	e258	C
91	e20	e286	C
91	e20	e293	C
91	e20	e306	C
91	e20	e310	C
91	e20	e329	C
91	e22	e311	C
91	e22	e330	C
91	e30	e135	C
91	e30	e202	C
91	e30	e325	C
91	e134	e324	C
91	e135	e325	C
91	e202	e325	C
91	e227	e311	C
91	e227	e330	C
91	e287	e311	C
91	e287	e330	C
91	e0	e2	NC
91	e0	e114	NC
91	e0	e152	NC
91	e1	e297	NC
91	e2	e12	NC
91	e5	e88	NC
91	e7	e201	NC
91	e7	e237	NC
91	e8	e74	NC
91	e8	e317	NC
91	e9	e31	NC
91	e10	e8	NC
91	e10	e88	NC
91	e11	e278	NC
91	e12	e107	NC
91	e12	e121	NC
91	e16	e137	NC
91	e18	e327	NC
91	e21	e127	NC
91	e22	e98	NC
91	e24	e61	NC
91	e26	e44	NC
91	e26	e239	NC
91	e27	e102	NC
91	e30	e113	NC
91	e31	e82	NC
91	e31	e318	NC
91	e33	e161	NC
91	e34	e282	NC
91	e35	e24	NC
91	e35	e95	NC
91	e36	e18	NC
91	e36	e270	NC
91	e37	e14	NC
91	e38	e146	NC
91	e40	e91	NC
91	e40	e174	NC
91	e40	e223	NC
91	e42	e43	NC
91	e42	e59	NC
91	e43	e182	NC
91	e45	e165	NC
91	e47	e48	NC
91	e47	e217	NC
91	e48	e145	NC
91	e49	e56	NC
91	e49	e156	NC
91	e49	e248	NC
91	e49	e273	NC
91	e49	e289	NC
91	e51	e314	NC
91	e52	e154	NC
91	e52	e307	NC
91	e55	e116	NC
91	e58	e109	NC
91	e60	e55	NC
91	e60	e202	NC
91	e64	e238	NC
91	e65	e84	NC
91	e67	e84	NC
91	e71	e193	NC
91	e73	e220	NC
91	e74	e149	NC
91	e76	e87	NC
91	e77	e271	NC
91	e78	e299	NC
91	e82	e35	NC
91	e82	e169	NC
91	e82	e248	NC
91	e87	e135	NC
91	e89	e8	NC
91	e89	e227	NC
91	e91	e196	NC
91	e92	e279	NC
91	e93	e200	NC
91	e95	e24	NC
91	e95	e168	NC
91	e96	e48	NC
91	e96	e115	NC
91	e97	e46	NC
91	e97	e192	NC
91	e98	e42	NC
91	e99	e210	NC
91	e100	e222	NC
91	e101	e158	NC
91	e101	e310	NC
91	e102	e179	NC
91	e103	e196	NC
91	e104	e215	NC
91	e105	e83	NC
91	e106	e311	NC
91	e107	e297	NC
91	e107	e314	NC
91	e109	e156	NC
91	e109	e311	NC
91	e109	e322	NC
91	e110	e313	NC
91	e111	e18	NC
91	e111	e86	NC
91	e112	e286	NC
91	e113	e13	NC
91	e114	e110	NC
91	e117	e322	NC
91	e118	e145	NC
91	e120	e66	NC
91	e120	e186	NC
91	e122	e67	NC
91	e124	e175	NC
91	e127	e23	NC
91	e128	e227	NC
91	e128	e309	NC
91	e129	e150	NC
91	e129	e158	NC
91	e130	e78	NC
91	e130	e98	NC
91	e133	e160	NC
91	e133	e298	NC
91	e134	e80	NC
91	e136	e115	NC
91	e137	e11	NC
91	e138	e265	NC
91	e144	e122	NC
91	e145	e247	NC
91	e146	e237	NC
91	e150	e73	NC
91	e151	e18	NC
91	e153	e208	NC
91	e160	e21	NC
91	e161	e293	NC
91	e166	e125	NC
91	e168	e303	NC
91	e168	e304	NC
91	e168	e317	NC
91	e170	e316	NC
91	e172	e251	NC
91	e173	e43	NC
91	e173	e288	NC
91	e175	e1	NC
91	e178	e204	NC
91	e179	e62	NC
91	e181	e159	NC
91	e182	e158	NC
91	e182	e222	NC
91	e184	e124	NC
91	e184	e199	NC
91	e185	e134	NC
91	e188	e119	NC
91	e188	e325	NC
91	e189	e188	NC
91	e190	e230	NC
91	e191	e12	NC
91	e193	e221	NC
91	e199	e222	NC
91	e200	e95	NC
91	e201	e61	NC
91	e202	e102	NC
91	e204	e200	NC
91	e204	e275	NC
91	e208	e68	NC
91	e210	e85	NC
91	e210	e94	NC
91	e213	e143	NC
91	e214	e18	NC
91	e217	e138	NC
91	e218	e304	NC
91	e219	e99	NC
91	e219	e171	NC
91	e219	e285	NC
91	e220	e233	NC
91	e221	e156	NC
91	e223	e263	NC
91	e225	e298	NC
91	e226	e47	NC
91	e227	e209	NC
91	e230	e258	NC
91	e231	e113	NC
91	e231	e237	NC
91	e232	e263	NC
91	e233	e258	NC
91	e234	e78	NC
91	e234	e91	NC
91	e234	e166	NC
91	e235	e203	NC
91	e237	e262	NC
91	e238	e93	NC
91	e238	e237	NC
91	e240	e218	NC
91	e240	e253	NC
91	e241	e132	NC
91	e241	e202	NC
91	e242	e22	NC
91	e242	e100	NC
91	e243	e93	NC
91	e245	e186	NC
91	e247	e41	NC
91	e247	e260	NC
91	e248	e127	NC
91	e248	e221	NC
91	e249	e31	NC
91	e259	e219	NC
91	e260	e23	NC
91	e261	e169	NC
91	e261	e209	NC
91	e262	e131	NC
91	e267	e308	NC
91	e268	e184	NC
91	e270	e228	NC
91	e271	e59	NC
91	e271	e62	NC
91	e271	e253	NC
91	e273	e261	NC
91	e274	e160	NC
91	e275	e258	NC
91	e276	e72	NC
91	e277	e47	NC
91	e277	e164	NC
91	e277	e184	NC
91	e279	e115	NC
91	e279	e145	NC
91	e280	e161	NC
91	e281	e126	NC
91	e283	e167	NC
91	e285	e66	NC
91	e287	e197	NC
91	e289	e188	NC
91	e291	e150	NC
91	e291	e258	NC
91	e292	e88	NC
91	e293	e324	NC
91	e294	e29	NC
91	e294	e77	NC
91	e294	e204	NC
91	e299	e20	NC
91	e300	e144	NC
91	e301	e326	NC
91	e302	e153	NC
91	e302	e216	NC
91	e303	e320	NC
91	e305	e99	NC
91	e306	e93	NC
91	e306	e325	NC
91	e307	e152	NC
91	e309	e228	NC
91	e310	e284	NC
91	e311	e141	NC
91	e313	e83	NC
91	e313	e93	NC
91	e314	e149	NC
91	e316	e161	NC
91	e317	e265	NC
91	e318	e38	NC
91	e318	e66	NC
91	e318	e182	NC
91	e318	e239	NC
91	e321	e54	NC
91	e322	e0	NC
91	e322	e303	NC
91	e323	e286	NC
91	e324	e39	NC
91	e326	e21	NC
91	e326	e228	NC
91	e326	e229	NC
91	e330	e142	NC
91	e330	e264	NC
92	e3	e6	C
92	e5	e11	C
92	e8	e11	C
92	e9	e12	C
92	e13	e29	C
92	e13	e32	C
92	e14	e77	C
92	e14	e84	C
92	e14	e129	C
92	e14	e140	C
92	e14	e213	C
92	e14	e245	C
92	e14	e282	C
92	e14	e317	C
92	e18	e285	C
92	e24	e154	C
92	e24	e169	C
92	e24	e172	C
92	e24	e190	C
92	e24	e236	C
92	e24	e242	C
92	e24	e283	C
92	e25	e148	C
92	e25	e191	C
92	e25	e215	C
92	e28	e329	C
92	e29	e32	C
92	e30	e73	C
92	e30	e95	C
92	e30	e98	C
92	e30	e112	C
92	e30	e166	C
92	e30	e170	C
92	e30	e173	C
92	e30	e176	C
92	e30	e182	C
92	e30	e284	C
92	e30	e324	C
92	e30	e326	C
92	e30	e332	C
92	e31	e78	C
92	e31	e79	C
92	e31	e292	C
92	e33	e203	C
92	e34	e117	C
92	e34	e329	C
92	e35	e36	C
92	e37	e72	C
92	e37	e257	C
92	e45	e46	C
92	e50	e219	C
92	e51	e52	C
92	e51	e261	C
92	e51	e264	C
92	e51	e266	C
92	e52	e261	C
92	e52	e264	C
92	e52	e266	C
92	e56	e104	C
92	e56	e321	C
92	e57	e252	C
92	e58	e237	C
92	e65	e181	C
92	e68	e92	C
92	e70	e75	C
92	e70	e81	C
92	e71	e188	C
92	e72	e257	C
92	e73	e95	C
92	e73	e98	C
92	e73	e112	C
92	e73	e166	C
92	e73	e170	C
92	e73	e173	C
92	e73	e176	C
92	e73	e182	C
92	e73	e284	C
92	e73	e324	C
92	e73	e326	C
92	e73	e332	C
92	e75	e81	C
92	e76	e316	C
92	e78	e79	C
92	e78	e292	C
92	e79	e292	C
92	e82	e200	C
92	e86	e248	C
92	e89	e255	C
92	e93	e210	C
92	e93	e272	C
92	e94	e183	C
92	e95	e98	C
92	e95	e112	C
92	e95	e166	C
92	e95	e170	C
92	e95	e173	C
92	e95	e176	C
92	e95	e182	C
92	e95	e284	C
92	e95	e324	C
92	e95	e326	C
92	e95	e332	C
92	e96	e237	C
92	e98	e112	C
92	e98	e166	C
92	e98	e170	C
92	e98	e173	C
92	e98	e176	C
92	e98	e182	C
92	e98	e284	C
92	e98	e324	C
92	e98	e326	C
92	e98	e332	C
92	e100	e256	C
92	e103	e132	C
92	e103	e211	C
92	e108	e122	C
92	e111	e131	C
92	e111	e135	C
92	e111	e136	C
92	e112	e166	C
92	e112	e170	C
92	e112	e173	C
92	e112	e176	C
92	e112	e182	C
92	e112	e284	C
92	e112	e324	C
92	e112	e326	C
92	e112	e332	C
92	e117	e329	C
92	e123	e310	C
92	e131	e135	C
92	e131	e136	C
92	e132	e211	C
92	e145	e310	C
92	e146	e156	C
92	e146	e311	C
92	e146	e322	C
92	e148	e191	C
92	e148	e215	C
92	e154	e169	C
92	e154	e172	C
92	e154	e190	C
92	e154	e236	C
92	e154	e242	C
92	e154	e283	C
92	e156	e311	C
92	e156	e322	C
92	e162	e178	C
92	e166	e170	C
92	e166	e173	C
92	e166	e176	C
92	e166	e182	C
92	e166	e284	C
92	e166	e324	C
92	e166	e326	C
92	e166	e332	C
92	e167	e183	C
92	e168	e184	C
92	e169	e172	C
92	e169	e190	C
92	e169	e236	C
92	e169	e242	C
92	e169	e283	C
92	e170	e173	C
92	e170	e176	C
92	e170	e182	C
92	e170	e284	C
92	e170	e324	C
92	e170	e326	C
92	e170	e332	C
92	e171	e183	C
92	e172	e190	C
92	e172	e236	C
92	e172	e242	C
92	e172	e283	C
92	e173	e176	C
92	e173	e182	C
92	e173	e284	C
92	e173	e324	C
92	e173	e326	C
92	e173	e332	C
92	e174	e183	C
92	e176	e182	C
92	e176	e284	C
92	e176	e324	C
92	e176	e326	C
92	e176	e332	C
92	e177	e184	C
92	e179	e348	C
92	e180	e183	C
92	e182	e284	C
92	e182	e324	C
92	e182	e326	C
92	e182	e332	C
92	e183	e185	C
92	e183	e341	C
92	e190	e236	C
92	e190	e242	C
92	e190	e283	C
92	e191	e215	C
92	e198	e345	C
92	e206	e209	C
92	e210	e272	C
92	e223	e330	C
92	e236	e242	C
92	e236	e283	C
92	e237	e320	C
92	e242	e283	C
92	e243	e253	C
92	e243	e304	C
92	e246	e270	C
92	e253	e304	C
92	e259	e263	C
92	e260	e267	C
92	e260	e274	C
92	e260	e277	C
92	e261	e264	C
92	e261	e266	C
92	e264	e266	C
92	e267	e274	C
92	e267	e277	C
92	e269	e271	C
92	e269	e338	C
92	e271	e338	C
92	e274	e277	C
92	e275	e276	C
92	e281	e297	C
92	e284	e324	C
92	e284	e326	C
92	e284	e332	C
92	e293	e294	C
92	e298	e310	C
92	e300	e302	C
92	e306	e312	C
92	e307	e313	C
92	e310	e340	C
92	e311	e322	C
92	e324	e326	C
92	e324	e332	C
92	e326	e332	C
92	e346	e347	C
92	e58	e320	C
92	e94	e185	C
92	e94	e341	C
92	e96	e320	C
92	e123	e340	C
92	e145	e340	C
92	e167	e185	C
92	e167	e341	C
92	e171	e185	C
92	e171	e341	C
92	e174	e185	C
92	e174	e341	C
92	e180	e185	C
92	e180	e341	C
92	e298	e340	C
92	e0	e173	NC
92	e2	e240	NC
92	e4	e244	NC
92	e4	e328	NC
92	e8	e102	NC
92	e8	e339	NC
92	e11	e293	NC
92	e13	e93	NC
92	e13	e279	NC
92	e14	e158	NC
92	e16	e332	NC
92	e18	e64	NC
92	e19	e111	NC
92	e19	e269	NC
92	e20	e121	NC
92	e23	e242	NC
92	e24	e136	NC
92	e24	e341	NC
92	e25	e95	NC
92	e25	e193	NC
92	e27	e3	NC
92	e29	e25	NC
92	e29	e274	NC
92	e31	e98	NC
92	e31	e111	NC
92	e32	e265	NC
92	e32	e274	NC
92	e34	e98	NC
92	e35	e97	NC
92	e36	e42	NC
92	e36	e297	NC
92	e37	e334	NC
92	e40	e179	NC
92	e43	e72	NC
92	e43	e215	NC
92	e44	e87	NC
92	e45	e198	NC
92	e47	e330	NC
92	e48	e156	NC
92	e50	e20	NC
92	e50	e124	NC
92	e51	e226	NC
92	e51	e242	NC
92	e52	e326	NC
92	e53	e67	NC
92	e53	e196	NC
92	e58	e272	NC
92	e59	e26	NC
92	e60	e195	NC
92	e61	e219	NC
92	e64	e149	NC
92	e65	e40	NC
92	e66	e42	NC
92	e68	e41	NC
92	e71	e302	NC
92	e72	e113	NC
92	e72	e290	NC
92	e72	e322	NC
92	e74	e159	NC
92	e76	e37	NC
92	e78	e258	NC
92	e82	e142	NC
92	e82	e175	NC
92	e86	e310	NC
92	e88	e329	NC
92	e89	e195	NC
92	e89	e258	NC
92	e89	e342	NC
92	e91	e319	NC
92	e93	e232	NC
92	e94	e278	NC
92	e97	e268	NC
92	e98	e11	NC
92	e100	e29	NC
92	e100	e337	NC
92	e104	e24	NC
92	e104	e106	NC
92	e106	e200	NC
92	e106	e328	NC
92	e107	e183	NC
92	e111	e25	NC
92	e113	e152	NC
92	e113	e328	NC
92	e114	e183	NC
92	e115	e156	NC
92	e116	e172	NC
92	e119	e229	NC
92	e120	e2	NC
92	e120	e110	NC
92	e121	e53	NC
92	e123	e175	NC
92	e126	e215	NC
92	e127	e39	NC
92	e128	e265	NC
92	e129	e202	NC
92	e131	e27	NC
92	e131	e33	NC
92	e131	e38	NC
92	e131	e73	NC
92	e131	e307	NC
92	e134	e60	NC
92	e135	e333	NC
92	e137	e37	NC
92	e138	e344	NC
92	e141	e66	NC
92	e141	e113	NC
92	e141	e170	NC
92	e143	e317	NC
92	e144	e61	NC
92	e145	e326	NC
92	e146	e177	NC
92	e147	e9	NC
92	e147	e79	NC
92	e147	e233	NC
92	e148	e84	NC
92	e149	e38	NC
92	e150	e128	NC
92	e150	e132	NC
92	e150	e134	NC
92	e151	e186	NC
92	e152	e177	NC
92	e152	e284	NC
92	e153	e15	NC
92	e154	e274	NC
92	e155	e118	NC
92	e156	e15	NC
92	e158	e18	NC
92	e159	e92	NC
92	e161	e1	NC
92	e165	e162	NC
92	e166	e15	NC
92	e167	e217	NC
92	e168	e44	NC
92	e168	e81	NC
92	e168	e227	NC
92	e168	e279	NC
92	e174	e287	NC
92	e177	e174	NC
92	e179	e231	NC
92	e183	e123	NC
92	e183	e324	NC
92	e185	e326	NC
92	e188	e182	NC
92	e188	e208	NC
92	e188	e331	NC
92	e191	e32	NC
92	e192	e341	NC
92	e196	e1	NC
92	e197	e106	NC
92	e197	e327	NC
92	e202	e172	NC
92	e204	e159	NC
92	e205	e20	NC
92	e205	e117	NC
92	e206	e61	NC
92	e209	e32	NC
92	e211	e50	NC
92	e211	e131	NC
92	e212	e329	NC
92	e213	e335	NC
92	e214	e235	NC
92	e215	e247	NC
92	e216	e311	NC
92	e216	e346	NC
92	e217	e27	NC
92	e217	e249	NC
92	e219	e121	NC
92	e219	e249	NC
92	e220	e306	NC
92	e221	e343	NC
92	e222	e18	NC
92	e223	e39	NC
92	e223	e324	NC
92	e224	e346	NC
92	e225	e200	NC
92	e227	e254	NC
92	e227	e349	NC
92	e229	e338	NC
92	e231	e315	NC
92	e235	e215	NC
92	e237	e62	NC
92	e237	e135	NC
92	e237	e335	NC
92	e240	e343	NC
92	e241	e121	NC
92	e244	e89	NC
92	e244	e278	NC
92	e244	e331	NC
92	e245	e13	NC
92	e245	e342	NC
92	e246	e20	NC
92	e246	e57	NC
92	e246	e327	NC
92	e247	e181	NC
92	e250	e82	NC
92	e251	e296	NC
92	e252	e75	NC
92	e252	e177	NC
92	e252	e211	NC
92	e252	e213	NC
92	e257	e148	NC
92	e258	e102	NC
92	e258	e185	NC
92	e261	e154	NC
92	e261	e192	NC
92	e262	e103	NC
92	e265	e328	NC
92	e267	e108	NC
92	e273	e40	NC
92	e273	e95	NC
92	e273	e151	NC
92	e273	e190	NC
92	e273	e237	NC
92	e274	e198	NC
92	e276	e148	NC
92	e281	e250	NC
92	e283	e129	NC
92	e283	e287	NC
92	e284	e240	NC
92	e286	e51	NC
92	e286	e133	NC
92	e288	e22	NC
92	e291	e166	NC
92	e293	e129	NC
92	e294	e100	NC
92	e294	e232	NC
92	e297	e193	NC
92	e299	e13	NC
92	e299	e104	NC
92	e300	e34	NC
92	e301	e148	NC
92	e301	e336	NC
92	e305	e23	NC
92	e306	e201	NC
92	e308	e129	NC
92	e311	e260	NC
92	e312	e213	NC
92	e317	e102	NC
92	e320	e145	NC
92	e321	e16	NC
92	e321	e199	NC
92	e324	e101	NC
92	e324	e157	NC
92	e326	e100	NC
92	e327	e69	NC
92	e334	e8	NC
92	e334	e276	NC
92	e335	e68	NC
92	e336	e140	NC
92	e337	e23	NC
92	e340	e161	NC
92	e341	e245	NC
92	e343	e67	NC
92	e344	e51	NC
92	e346	e43	NC
92	e347	e348	NC
92	e349	e320	NC
93	e8	e15	C
93	e8	e68	C
93	e8	e93	C
93	e8	e128	C
93	e8	e301	C
93	e9	e12	C
93	e9	e304	C
93	e10	e13	C
93	e10	e16	C
93	e10	e35	C
93	e10	e155	C
93	e10	e292	C
93	e10	e296	C
93	e11	e163	C
93	e12	e304	C
93	e13	e16	C
93	e13	e35	C
93	e13	e155	C
93	e13	e292	C
93	e13	e296	C
93	e14	e81	C
93	e14	e85	C
93	e14	e116	C
93	e15	e68	C
93	e15	e93	C
93	e15	e128	C
93	e15	e301	C
93	e16	e35	C
93	e16	e155	C
93	e16	e292	C
93	e16	e296	C
93	e23	e25	C
93	e23	e169	C
93	e25	e169	C
93	e27	e127	C
93	e35	e155	C
93	e35	e292	C
93	e35	e296	C
93	e36	e181	C
93	e39	e303	C
93	e39	e305	C
93	e39	e308	C
93	e39	e312	C
93	e40	e265	C
93	e44	e227	C
93	e44	e242	C
93	e45	e245	C
93	e48	e56	C
93	e50	e159	C
93	e56	e97	C
93	e56	e139	C
93	e59	e161	C
93	e63	e76	C
93	e68	e93	C
93	e68	e128	C
93	e68	e301	C
93	e70	e145	C
93	e70	e148	C
93	e70	e214	C
93	e70	e261	C
93	e70	e283	C
93	e71	e112	C
93	e71	e146	C
93	e73	e79	C
93	e77	e78	C
93	e80	e213	C
93	e80	e295	C
93	e81	e85	C
93	e81	e116	C
93	e81	e158	C
93	e85	e116	C
93	e85	e158	C
93	e86	e156	C
93	e86	e297	C
93	e88	e96	C
93	e89	e91	C
93	e90	e114	C
93	e90	e167	C
93	e90	e306	C
93	e93	e128	C
93	e93	e301	C
93	e95	e171	C
93	e95	e176	C
93	e98	e117	C
93	e110	e154	C
93	e110	e278	C
93	e111	e118	C
93	e112	e146	C
93	e114	e137	C
93	e114	e138	C
93	e114	e167	C
93	e114	e302	C
93	e114	e306	C
93	e116	e158	C
93	e124	e231	C
93	e124	e232	C
93	e124	e267	C
93	e124	e274	C
93	e124	e280	C
93	e125	e233	C
93	e125	e234	C
93	e125	e268	C
93	e125	e275	C
93	e125	e281	C
93	e126	e189	C
93	e126	e200	C
93	e126	e229	C
93	e126	e230	C
93	e126	e248	C
93	e126	e266	C
93	e126	e273	C
93	e126	e277	C
93	e128	e301	C
93	e130	e166	C
93	e130	e204	C
93	e130	e290	C
93	e131	e142	C
93	e131	e183	C
93	e135	e140	C
93	e135	e258	C
93	e137	e167	C
93	e137	e306	C
93	e138	e167	C
93	e138	e306	C
93	e140	e258	C
93	e142	e183	C
93	e145	e148	C
93	e145	e214	C
93	e145	e249	C
93	e145	e261	C
93	e145	e283	C
93	e148	e214	C
93	e148	e249	C
93	e148	e261	C
93	e148	e283	C
93	e153	e218	C
93	e155	e292	C
93	e155	e296	C
93	e166	e204	C
93	e166	e290	C
93	e167	e302	C
93	e167	e306	C
93	e185	e224	C
93	e187	e246	C
93	e189	e200	C
93	e189	e229	C
93	e189	e230	C
93	e189	e248	C
93	e189	e266	C
93	e189	e273	C
93	e189	e277	C
93	e190	e228	C
93	e191	e241	C
93	e200	e229	C
93	e200	e230	C
93	e200	e248	C
93	e200	e266	C
93	e200	e273	C
93	e200	e277	C
93	e202	e222	C
93	e203	e206	C
93	e203	e208	C
93	e203	e209	C
93	e204	e290	C
93	e206	e208	C
93	e206	e209	C
93	e207	e212	C
93	e208	e209	C
93	e211	e225	C
93	e213	e295	C
93	e214	e249	C
93	e214	e261	C
93	e214	e283	C
93	e227	e242	C
93	e229	e230	C
93	e229	e248	C
93	e229	e266	C
93	e229	e273	C
93	e229	e277	C
93	e230	e248	C
93	e230	e266	C
93	e230	e273	C
93	e230	e277	C
93	e231	e232	C
93	e231	e267	C
93	e231	e274	C
93	e231	e280	C
93	e232	e267	C
93	e232	e274	C
93	e232	e280	C
93	e233	e234	C
93	e233	e268	C
93	e233	e275	C
93	e233	e281	C
93	e234	e268	C
93	e234	e275	C
93	e234	e281	C
93	e239	e240	C
93	e248	e266	C
93	e248	e273	C
93	e248	e277	C
93	e249	e261	C
93	e249	e283	C
93	e251	e256	C
93	e252	e253	C
93	e255	e311	C
93	e260	e282	C
93	e261	e283	C
93	e263	e285	C
93	e264	e287	C
93	e266	e273	C
93	e266	e277	C
93	e267	e274	C
93	e267	e280	C
93	e268	e275	C
93	e268	e281	C
93	e269	e288	C
93	e273	e277	C
93	e274	e280	C
93	e275	e281	C
93	e292	e296	C
93	e302	e306	C
93	e303	e305	C
93	e303	e308	C
93	e303	e312	C
93	e305	e308	C
93	e305	e312	C
93	e308	e312	C
93	e309	e313	C
93	e14	e158	C
93	e48	e97	C
93	e48	e139	C
93	e70	e249	C
93	e90	e137	C
93	e90	e138	C
93	e90	e302	C
93	e137	e302	C
93	e138	e302	C
93	e2	e265	NC
93	e3	e155	NC
93	e4	e127	NC
93	e6	e9	NC
93	e6	e169	NC
93	e6	e199	NC
93	e6	e217	NC
93	e7	e49	NC
93	e8	e77	NC
93	e8	e117	NC
93	e9	e270	NC
93	e10	e200	NC
93	e11	e45	NC
93	e11	e56	NC
93	e12	e287	NC
93	e16	e205	NC
93	e16	e234	NC
93	e17	e22	NC
93	e17	e242	NC
93	e20	e107	NC
93	e20	e189	NC
93	e21	e241	NC
93	e24	e154	NC
93	e25	e311	NC
93	e27	e71	NC
93	e30	e126	NC
93	e32	e244	NC
93	e32	e248	NC
93	e34	e226	NC
93	e37	e147	NC
93	e37	e201	NC
93	e39	e309	NC
93	e43	e218	NC
93	e45	e278	NC
93	e46	e139	NC
93	e47	e219	NC
93	e47	e226	NC
93	e51	e182	NC
93	e52	e40	NC
93	e52	e288	NC
93	e54	e300	NC
93	e58	e272	NC
93	e63	e11	NC
93	e63	e145	NC
93	e65	e304	NC
93	e66	e110	NC
93	e66	e172	NC
93	e68	e87	NC
93	e69	e37	NC
93	e70	e58	NC
93	e70	e280	NC
93	e71	e157	NC
93	e74	e10	NC
93	e75	e32	NC
93	e77	e152	NC
93	e78	e129	NC
93	e79	e151	NC
93	e80	e306	NC
93	e82	e283	NC
93	e82	e290	NC
93	e83	e264	NC
93	e84	e192	NC
93	e86	e162	NC
93	e87	e236	NC
93	e90	e155	NC
93	e90	e245	NC
93	e91	e248	NC
93	e91	e293	NC
93	e91	e312	NC
93	e92	e104	NC
93	e92	e312	NC
93	e93	e210	NC
93	e96	e194	NC
93	e97	e75	NC
93	e97	e282	NC
93	e97	e293	NC
93	e97	e308	NC
93	e98	e298	NC
93	e99	e192	NC
93	e100	e307	NC
93	e106	e108	NC
93	e108	e286	NC
93	e108	e289	NC
93	e109	e66	NC
93	e109	e81	NC
93	e112	e246	NC
93	e113	e143	NC
93	e113	e222	NC
93	e114	e148	NC
93	e114	e170	NC
93	e115	e61	NC
93	e116	e74	NC
93	e118	e177	NC
93	e121	e165	NC
93	e126	e70	NC
93	e126	e124	NC
93	e126	e236	NC
93	e131	e9	NC
93	e132	e6	NC
93	e132	e271	NC
93	e135	e224	NC
93	e137	e54	NC
93	e138	e50	NC
93	e139	e102	NC
93	e141	e25	NC
93	e141	e118	NC
93	e141	e265	NC
93	e142	e124	NC
93	e142	e292	NC
93	e144	e73	NC
93	e144	e142	NC
93	e146	e207	NC
93	e147	e123	NC
93	e148	e239	NC
93	e149	e4	NC
93	e150	e242	NC
93	e155	e63	NC
93	e157	e16	NC
93	e157	e247	NC
93	e158	e198	NC
93	e159	e152	NC
93	e159	e186	NC
93	e161	e230	NC
93	e163	e226	NC
93	e164	e150	NC
93	e165	e196	NC
93	e167	e92	NC
93	e167	e231	NC
93	e168	e81	NC
93	e170	e45	NC
93	e172	e101	NC
93	e172	e237	NC
93	e175	e237	NC
93	e176	e58	NC
93	e176	e132	NC
93	e180	e129	NC
93	e181	e130	NC
93	e182	e77	NC
93	e183	e116	NC
93	e183	e230	NC
93	e184	e87	NC
93	e185	e132	NC
93	e186	e131	NC
93	e189	e96	NC
93	e189	e143	NC
93	e192	e81	NC
93	e197	e120	NC
93	e199	e119	NC
93	e199	e273	NC
93	e200	e305	NC
93	e201	e212	NC
93	e203	e137	NC
93	e206	e42	NC
93	e208	e88	NC
93	e209	e58	NC
93	e210	e45	NC
93	e210	e163	NC
93	e211	e87	NC
93	e212	e252	NC
93	e213	e91	NC
93	e214	e102	NC
93	e215	e222	NC
93	e217	e236	NC
93	e217	e275	NC
93	e218	e139	NC
93	e218	e182	NC
93	e220	e53	NC
93	e220	e99	NC
93	e221	e201	NC
93	e222	e101	NC
93	e222	e282	NC
93	e224	e165	NC
93	e225	e250	NC
93	e227	e185	NC
93	e228	e187	NC
93	e228	e242	NC
93	e229	e54	NC
93	e230	e253	NC
93	e232	e258	NC
93	e234	e84	NC
93	e234	e200	NC
93	e236	e109	NC
93	e237	e2	NC
93	e238	e180	NC
93	e239	e7	NC
93	e240	e39	NC
93	e242	e7	NC
93	e243	e219	NC
93	e243	e274	NC
93	e243	e297	NC
93	e243	e303	NC
93	e246	e222	NC
93	e247	e263	NC
93	e248	e134	NC
93	e249	e189	NC
93	e250	e133	NC
93	e253	e88	NC
93	e253	e94	NC
93	e258	e242	NC
93	e260	e148	NC
93	e261	e60	NC
93	e261	e71	NC
93	e261	e77	NC
93	e264	e166	NC
93	e266	e35	NC
93	e269	e250	NC
93	e273	e166	NC
93	e273	e258	NC
93	e274	e230	NC
93	e276	e251	NC
93	e277	e233	NC
93	e279	e77	NC
93	e279	e100	NC
93	e281	e68	NC
93	e281	e207	NC
93	e282	e52	NC
93	e283	e217	NC
93	e284	e39	NC
93	e287	e295	NC
93	e288	e9	NC
93	e290	e27	NC
93	e290	e149	NC
93	e290	e155	NC
93	e291	e144	NC
93	e294	e19	NC
93	e294	e83	NC
93	e294	e99	NC
93	e295	e187	NC
93	e296	e88	NC
93	e297	e245	NC
93	e300	e75	NC
93	e300	e82	NC
93	e301	e141	NC
93	e301	e250	NC
93	e302	e48	NC
93	e304	e231	NC
93	e307	e301	NC
93	e309	e133	NC
71	e0	e137	C
71	e0	e216	C
71	e1	e133	C
71	e12	e15	C
71	e13	e16	C
71	e13	e19	C
71	e16	e19	C
71	e18	e230	C
71	e22	e188	C
71	e25	e149	C
71	e30	e241	C
71	e35	e272	C
71	e43	e113	C
71	e43	e206	C
71	e51	e86	C
71	e55	e58	C
71	e62	e114	C
71	e63	e102	C
71	e68	e87	C
71	e69	e94	C
71	e70	e231	C
71	e71	e76	C
71	e72	e117	C
71	e72	e119	C
71	e72	e123	C
71	e72	e271	C
71	e78	e234	C
71	e78	e307	C
71	e79	e141	C
71	e79	e235	C
71	e79	e239	C
71	e79	e253	C
71	e79	e265	C
71	e79	e304	C
71	e79	e308	C
71	e79	e314	C
71	e79	e319	C
71	e80	e321	C
71	e88	e96	C
71	e88	e97	C
71	e96	e97	C
71	e103	e169	C
71	e108	e183	C
71	e109	e283	C
71	e109	e306	C
71	e110	e125	C
71	e112	e125	C
71	e113	e134	C
71	e113	e206	C
71	e116	e118	C
71	e116	e122	C
71	e116	e124	C
71	e116	e260	C
71	e116	e261	C
71	e116	e269	C
71	e116	e270	C
71	e116	e275	C
71	e116	e276	C
71	e117	e119	C
71	e117	e123	C
71	e117	e271	C
71	e118	e122	C
71	e118	e124	C
71	e118	e260	C
71	e118	e261	C
71	e118	e269	C
71	e118	e270	C
71	e118	e275	C
71	e118	e276	C
71	e119	e123	C
71	e119	e271	C
71	e122	e124	C
71	e122	e260	C
71	e122	e261	C
71	e122	e269	C
71	e122	e270	C
71	e122	e275	C
71	e122	e276	C
71	e123	e271	C
71	e124	e260	C
71	e124	e261	C
71	e124	e269	C
71	e124	e270	C
71	e124	e275	C
71	e124	e276	C
71	e125	e126	C
71	e134	e206	C
71	e137	e147	C
71	e137	e215	C
71	e137	e216	C
71	e137	e305	C
71	e141	e235	C
71	e141	e239	C
71	e141	e253	C
71	e141	e265	C
71	e141	e304	C
71	e141	e308	C
71	e141	e314	C
71	e141	e319	C
71	e142	e236	C
71	e142	e250	C
71	e142	e301	C
71	e143	e237	C
71	e143	e251	C
71	e143	e302	C
71	e144	e145	C
71	e144	e281	C
71	e144	e282	C
71	e145	e281	C
71	e145	e282	C
71	e147	e216	C
71	e149	e161	C
71	e149	e173	C
71	e150	e162	C
71	e150	e164	C
71	e150	e166	C
71	e150	e171	C
71	e151	e167	C
71	e151	e172	C
71	e152	e155	C
71	e155	e158	C
71	e155	e165	C
71	e157	e320	C
71	e167	e172	C
71	e178	e232	C
71	e186	e200	C
71	e187	e201	C
71	e205	e207	C
71	e211	e278	C
71	e211	e279	C
71	e211	e285	C
71	e234	e307	C
71	e235	e239	C
71	e235	e253	C
71	e235	e265	C
71	e235	e304	C
71	e235	e308	C
71	e235	e314	C
71	e235	e319	C
71	e236	e250	C
71	e236	e301	C
71	e237	e251	C
71	e237	e302	C
71	e238	e303	C
71	e239	e253	C
71	e239	e265	C
71	e239	e304	C
71	e239	e308	C
71	e239	e314	C
71	e239	e319	C
71	e250	e301	C
71	e251	e302	C
71	e252	e313	C
71	e253	e265	C
71	e253	e304	C
71	e253	e308	C
71	e253	e314	C
71	e253	e319	C
71	e255	e277	C
71	e255	e284	C
71	e255	e312	C
71	e256	e257	C
71	e256	e266	C
71	e256	e267	C
71	e257	e266	C
71	e257	e267	C
71	e258	e259	C
71	e260	e261	C
71	e260	e269	C
71	e260	e270	C
71	e260	e275	C
71	e260	e276	C
71	e261	e269	C
71	e261	e270	C
71	e261	e275	C
71	e261	e276	C
71	e265	e304	C
71	e265	e308	C
71	e265	e314	C
71	e265	e319	C
71	e266	e267	C
71	e268	e274	C
71	e269	e270	C
71	e269	e275	C
71	e269	e276	C
71	e270	e275	C
71	e270	e276	C
71	e275	e276	C
71	e277	e284	C
71	e277	e312	C
71	e278	e279	C
71	e278	e285	C
71	e279	e285	C
71	e281	e282	C
71	e283	e306	C
71	e284	e312	C
71	e287	e288	C
71	e291	e296	C
71	e292	e297	C
71	e293	e298	C
71	e294	e299	C
71	e295	e300	C
71	e304	e308	C
71	e304	e314	C
71	e304	e319	C
71	e308	e314	C
71	e308	e319	C
71	e311	e316	C
71	e314	e319	C
71	e0	e147	C
71	e0	e215	C
71	e0	e305	C
71	e25	e161	C
71	e25	e173	C
71	e43	e134	C
71	e110	e126	C
71	e112	e126	C
71	e152	e158	C
71	e152	e165	C
71	e0	e154	NC
71	e1	e231	NC
71	e6	e132	NC
71	e9	e314	NC
71	e11	e187	NC
71	e12	e277	NC
71	e16	e138	NC
71	e19	e31	NC
71	e19	e38	NC
71	e24	e3	NC
71	e24	e290	NC
71	e25	e276	NC
71	e26	e250	NC
71	e28	e70	NC
71	e28	e91	NC
71	e28	e171	NC
71	e31	e155	NC
71	e31	e283	NC
71	e32	e159	NC
71	e36	e73	NC
71	e36	e253	NC
71	e40	e125	NC
71	e40	e261	NC
71	e43	e129	NC
71	e45	e119	NC
71	e45	e216	NC
71	e46	e120	NC
71	e47	e10	NC
71	e48	e294	NC
71	e51	e74	NC
71	e52	e310	NC
71	e53	e195	NC
71	e56	e95	NC
71	e63	e194	NC
71	e65	e224	NC
71	e65	e274	NC
71	e66	e18	NC
71	e66	e134	NC
71	e68	e204	NC
71	e70	e107	NC
71	e70	e257	NC
71	e71	e49	NC
71	e72	e92	NC
71	e73	e150	NC
71	e74	e110	NC
71	e75	e164	NC
71	e76	e168	NC
71	e76	e248	NC
71	e79	e201	NC
71	e80	e219	NC
71	e83	e181	NC
71	e85	e288	NC
71	e86	e84	NC
71	e91	e38	NC
71	e92	e78	NC
71	e93	e284	NC
71	e94	e27	NC
71	e95	e301	NC
71	e96	e60	NC
71	e96	e153	NC
71	e96	e165	NC
71	e99	e117	NC
71	e100	e250	NC
71	e104	e186	NC
71	e105	e246	NC
71	e107	e61	NC
71	e107	e101	NC
71	e107	e196	NC
71	e107	e221	NC
71	e107	e257	NC
71	e107	e307	NC
71	e109	e91	NC
71	e109	e156	NC
71	e109	e266	NC
71	e111	e193	NC
71	e115	e173	NC
71	e116	e25	NC
71	e116	e26	NC
71	e116	e302	NC
71	e117	e187	NC
71	e119	e110	NC
71	e119	e168	NC
71	e121	e94	NC
71	e121	e260	NC
71	e124	e218	NC
71	e124	e239	NC
71	e125	e304	NC
71	e126	e50	NC
71	e126	e96	NC
71	e127	e71	NC
71	e127	e297	NC
71	e131	e162	NC
71	e131	e288	NC
71	e132	e51	NC
71	e132	e226	NC
71	e133	e87	NC
71	e133	e123	NC
71	e133	e221	NC
71	e135	e299	NC
71	e138	e173	NC
71	e140	e95	NC
71	e140	e180	NC
71	e141	e24	NC
71	e141	e47	NC
71	e143	e50	NC
71	e143	e272	NC
71	e144	e113	NC
71	e145	e306	NC
71	e148	e310	NC
71	e151	e231	NC
71	e153	e52	NC
71	e159	e140	NC
71	e159	e152	NC
71	e160	e173	NC
71	e160	e318	NC
71	e161	e129	NC
71	e161	e202	NC
71	e164	e38	NC
71	e164	e136	NC
71	e165	e76	NC
71	e166	e79	NC
71	e166	e105	NC
71	e167	e129	NC
71	e170	e163	NC
71	e172	e310	NC
71	e173	e42	NC
71	e173	e151	NC
71	e178	e159	NC
71	e180	e129	NC
71	e183	e149	NC
71	e184	e215	NC
71	e184	e243	NC
71	e185	e27	NC
71	e185	e225	NC
71	e188	e86	NC
71	e190	e84	NC
71	e191	e90	NC
71	e191	e153	NC
71	e191	e275	NC
71	e196	e233	NC
71	e196	e274	NC
71	e197	e47	NC
71	e198	e126	NC
71	e198	e241	NC
71	e199	e298	NC
71	e200	e206	NC
71	e201	e18	NC
71	e201	e33	NC
71	e204	e265	NC
71	e205	e257	NC
71	e206	e198	NC
71	e209	e269	NC
71	e210	e309	NC
71	e211	e133	NC
71	e212	e142	NC
71	e213	e122	NC
71	e215	e118	NC
71	e222	e293	NC
71	e223	e88	NC
71	e225	e165	NC
71	e230	e85	NC
71	e230	e158	NC
71	e230	e247	NC
71	e232	e69	NC
71	e235	e106	NC
71	e235	e281	NC
71	e237	e214	NC
71	e242	e92	NC
71	e242	e125	NC
71	e244	e249	NC
71	e244	e273	NC
71	e245	e30	NC
71	e245	e189	NC
71	e245	e230	NC
71	e248	e0	NC
71	e248	e43	NC
71	e250	e118	NC
71	e253	e306	NC
71	e256	e173	NC
71	e257	e209	NC
71	e258	e59	NC
71	e259	e107	NC
71	e262	e143	NC
71	e263	e49	NC
71	e263	e148	NC
71	e265	e266	NC
71	e266	e150	NC
71	e266	e280	NC
71	e270	e173	NC
71	e271	e43	NC
71	e271	e140	NC
71	e271	e149	NC
71	e276	e83	NC
71	e278	e103	NC
71	e283	e70	NC
71	e286	e217	NC
71	e286	e260	NC
71	e287	e65	NC
71	e287	e195	NC
71	e288	e188	NC
71	e292	e284	NC
71	e295	e307	NC
71	e297	e16	NC
71	e299	e151	NC
71	e301	e30	NC
71	e302	e33	NC
71	e303	e240	NC
71	e305	e17	NC
71	e305	e239	NC
71	e307	e162	NC
71	e312	e309	NC
71	e314	e174	NC
71	e317	e5	NC
71	e317	e244	NC
71	e318	e29	NC
71	e319	e32	NC
71	e321	e101	NC
71	e321	e113	NC
71	e321	e125	NC
95	e0	e17	C
95	e1	e3	C
95	e2	e181	C
95	e2	e230	C
95	e5	e174	C
95	e5	e180	C
95	e14	e75	C
95	e18	e32	C
95	e19	e22	C
95	e19	e31	C
95	e21	e66	C
95	e22	e31	C
95	e23	e33	C
95	e24	e250	C
95	e36	e39	C
95	e41	e189	C
95	e41	e238	C
95	e42	e46	C
95	e44	e247	C
95	e46	e187	C
95	e46	e190	C
95	e46	e236	C
95	e46	e239	C
95	e49	e57	C
95	e50	e52	C
95	e50	e227	C
95	e50	e298	C
95	e50	e299	C
95	e50	e300	C
95	e50	e301	C
95	e50	e303	C
95	e52	e227	C
95	e52	e298	C
95	e52	e299	C
95	e52	e300	C
95	e52	e301	C
95	e52	e303	C
95	e60	e246	C
95	e63	e64	C
95	e65	e143	C
95	e70	e77	C
95	e73	e74	C
95	e78	e283	C
95	e81	e85	C
95	e84	e86	C
95	e87	e104	C
95	e87	e115	C
95	e87	e170	C
95	e87	e297	C
95	e88	e101	C
95	e88	e112	C
95	e94	e103	C
95	e94	e114	C
95	e94	e184	C
95	e94	e191	C
95	e94	e194	C
95	e94	e196	C
95	e94	e233	C
95	e94	e240	C
95	e94	e295	C
95	e95	e156	C
95	e95	e201	C
95	e97	e108	C
95	e100	e147	C
95	e100	e185	C
95	e101	e112	C
95	e102	e113	C
95	e103	e114	C
95	e103	e184	C
95	e103	e191	C
95	e103	e194	C
95	e103	e196	C
95	e103	e233	C
95	e103	e240	C
95	e103	e295	C
95	e104	e115	C
95	e104	e170	C
95	e104	e297	C
95	e105	e116	C
95	e105	e256	C
95	e106	e117	C
95	e114	e184	C
95	e114	e191	C
95	e114	e194	C
95	e114	e196	C
95	e114	e233	C
95	e114	e240	C
95	e114	e295	C
95	e115	e170	C
95	e115	e297	C
95	e116	e256	C
95	e119	e132	C
95	e119	e229	C
95	e120	e124	C
95	e120	e130	C
95	e120	e139	C
95	e120	e163	C
95	e120	e164	C
95	e122	e134	C
95	e122	e177	C
95	e124	e130	C
95	e124	e139	C
95	e124	e163	C
95	e124	e164	C
95	e125	e168	C
95	e128	e137	C
95	e128	e145	C
95	e130	e139	C
95	e130	e163	C
95	e130	e164	C
95	e132	e229	C
95	e134	e177	C
95	e137	e145	C
95	e139	e163	C
95	e139	e164	C
95	e141	e144	C
95	e141	e146	C
95	e141	e155	C
95	e141	e162	C
95	e141	e206	C
95	e141	e276	C
95	e144	e146	C
95	e144	e155	C
95	e144	e162	C
95	e144	e206	C
95	e144	e276	C
95	e146	e155	C
95	e146	e162	C
95	e146	e206	C
95	e146	e276	C
95	e148	e165	C
95	e150	e151	C
95	e152	e210	C
95	e153	e193	C
95	e153	e211	C
95	e153	e267	C
95	e154	e213	C
95	e155	e162	C
95	e155	e206	C
95	e155	e276	C
95	e156	e201	C
95	e159	e172	C
95	e159	e204	C
95	e159	e263	C
95	e160	e286	C
95	e162	e206	C
95	e162	e276	C
95	e163	e164	C
95	e167	e277	C
95	e170	e297	C
95	e172	e263	C
95	e174	e180	C
95	e181	e230	C
95	e182	e231	C
95	e184	e191	C
95	e184	e194	C
95	e184	e196	C
95	e184	e233	C
95	e184	e240	C
95	e184	e295	C
95	e186	e235	C
95	e188	e237	C
95	e189	e238	C
95	e191	e194	C
95	e191	e196	C
95	e191	e233	C
95	e191	e240	C
95	e191	e295	C
95	e192	e241	C
95	e192	e293	C
95	e193	e211	C
95	e193	e267	C
95	e194	e196	C
95	e194	e233	C
95	e194	e240	C
95	e194	e295	C
95	e196	e233	C
95	e196	e240	C
95	e196	e295	C
95	e204	e263	C
95	e205	e287	C
95	e206	e276	C
95	e208	e291	C
95	e227	e298	C
95	e227	e299	C
95	e227	e300	C
95	e227	e301	C
95	e227	e303	C
95	e233	e240	C
95	e233	e295	C
95	e240	e295	C
95	e241	e293	C
95	e248	e269	C
95	e264	e266	C
95	e265	e275	C
95	e298	e299	C
95	e298	e300	C
95	e298	e301	C
95	e298	e303	C
95	e299	e300	C
95	e299	e301	C
95	e299	e303	C
95	e300	e301	C
95	e300	e303	C
95	e301	e303	C
95	e42	e187	C
95	e42	e190	C
95	e42	e236	C
95	e42	e239	C
95	e2	e7	NC
95	e10	e196	NC
95	e11	e253	NC
95	e14	e7	NC
95	e14	e41	NC
95	e15	e254	NC
95	e16	e281	NC
95	e17	e30	NC
95	e17	e62	NC
95	e18	e258	NC
95	e20	e292	NC
95	e21	e246	NC
95	e23	e59	NC
95	e23	e189	NC
95	e24	e256	NC
95	e25	e208	NC
95	e28	e139	NC
95	e28	e159	NC
95	e28	e166	NC
95	e29	e256	NC
95	e34	e86	NC
95	e34	e141	NC
95	e35	e152	NC
95	e37	e205	NC
95	e38	e70	NC
95	e39	e45	NC
95	e41	e13	NC
95	e41	e286	NC
95	e42	e50	NC
95	e42	e70	NC
95	e43	e289	NC
95	e44	e162	NC
95	e45	e175	NC
95	e46	e254	NC
95	e48	e166	NC
95	e49	e10	NC
95	e49	e189	NC
95	e49	e266	NC
95	e50	e215	NC
95	e51	e19	NC
95	e52	e57	NC
95	e54	e59	NC
95	e55	e42	NC
95	e55	e266	NC
95	e56	e156	NC
95	e59	e259	NC
95	e60	e186	NC
95	e60	e197	NC
95	e62	e115	NC
95	e62	e203	NC
95	e62	e253	NC
95	e67	e32	NC
95	e68	e40	NC
95	e68	e58	NC
95	e68	e239	NC
95	e69	e2	NC
95	e70	e151	NC
95	e71	e201	NC
95	e78	e229	NC
95	e79	e281	NC
95	e80	e131	NC
95	e82	e133	NC
95	e84	e223	NC
95	e84	e236	NC
95	e88	e135	NC
95	e89	e4	NC
95	e89	e76	NC
95	e90	e88	NC
95	e91	e17	NC
95	e91	e93	NC
95	e94	e26	NC
95	e96	e117	NC
95	e101	e24	NC
95	e103	e153	NC
95	e103	e215	NC
95	e104	e154	NC
95	e105	e37	NC
95	e106	e183	NC
95	e111	e144	NC
95	e113	e302	NC
95	e114	e262	NC
95	e115	e223	NC
95	e117	e28	NC
95	e117	e242	NC
95	e123	e201	NC
95	e123	e302	NC
95	e126	e51	NC
95	e127	e13	NC
95	e129	e167	NC
95	e129	e187	NC
95	e135	e258	NC
95	e139	e7	NC
95	e139	e239	NC
95	e142	e194	NC
95	e143	e89	NC
95	e143	e110	NC
95	e146	e223	NC
95	e149	e28	NC
95	e150	e108	NC
95	e151	e19	NC
95	e151	e234	NC
95	e152	e40	NC
95	e154	e93	NC
95	e154	e303	NC
95	e159	e51	NC
95	e162	e292	NC
95	e163	e211	NC
95	e163	e257	NC
95	e165	e7	NC
95	e165	e21	NC
95	e167	e52	NC
95	e168	e178	NC
95	e170	e235	NC
95	e171	e45	NC
95	e177	e19	NC
95	e178	e26	NC
95	e179	e70	NC
95	e180	e77	NC
95	e180	e202	NC
95	e184	e31	NC
95	e185	e171	NC
95	e186	e56	NC
95	e186	e78	NC
95	e186	e131	NC
95	e188	e158	NC
95	e189	e172	NC
95	e192	e9	NC
95	e193	e129	NC
95	e194	e27	NC
95	e194	e60	NC
95	e195	e25	NC
95	e196	e3	NC
95	e196	e36	NC
95	e197	e95	NC
95	e197	e238	NC
95	e198	e172	NC
95	e199	e206	NC
95	e200	e262	NC
95	e201	e249	NC
95	e202	e281	NC
95	e207	e210	NC
95	e209	e98	NC
95	e210	e253	NC
95	e211	e183	NC
95	e213	e105	NC
95	e214	e178	NC
95	e216	e270	NC
95	e218	e165	NC
95	e219	e193	NC
95	e222	e119	NC
95	e224	e270	NC
95	e225	e167	NC
95	e225	e297	NC
95	e228	e51	NC
95	e228	e57	NC
95	e228	e164	NC
95	e231	e139	NC
95	e231	e281	NC
95	e233	e138	NC
95	e234	e106	NC
95	e234	e163	NC
95	e236	e295	NC
95	e238	e225	NC
95	e238	e296	NC
95	e239	e49	NC
95	e239	e101	NC
95	e241	e92	NC
95	e242	e15	NC
95	e242	e56	NC
95	e242	e107	NC
95	e243	e171	NC
95	e244	e93	NC
95	e244	e273	NC
95	e245	e32	NC
95	e245	e79	NC
95	e247	e271	NC
95	e248	e179	NC
95	e253	e62	NC
95	e253	e205	NC
95	e254	e213	NC
95	e257	e77	NC
95	e257	e90	NC
95	e257	e236	NC
95	e258	e266	NC
95	e258	e290	NC
95	e261	e136	NC
95	e263	e18	NC
95	e266	e77	NC
95	e267	e115	NC
95	e267	e240	NC
95	e270	e202	NC
95	e273	e20	NC
95	e273	e94	NC
95	e273	e224	NC
95	e275	e93	NC
95	e275	e300	NC
95	e277	e137	NC
95	e278	e83	NC
95	e278	e176	NC
95	e280	e227	NC
95	e283	e56	NC
95	e283	e141	NC
95	e284	e11	NC
95	e285	e237	NC
95	e287	e50	NC
95	e289	e14	NC
95	e291	e174	NC
95	e295	e270	NC
95	e302	e131	NC
96	e1	e4	C
96	e1	e69	C
96	e7	e51	C
96	e8	e99	C
96	e8	e104	C
96	e8	e110	C
96	e8	e173	C
96	e9	e66	C
96	e9	e67	C
96	e9	e100	C
96	e9	e153	C
96	e11	e135	C
96	e11	e161	C
96	e11	e166	C
96	e11	e188	C
96	e12	e186	C
96	e13	e76	C
96	e14	e210	C
96	e14	e215	C
96	e14	e217	C
96	e18	e71	C
96	e19	e107	C
96	e20	e21	C
96	e20	e22	C
96	e20	e54	C
96	e20	e56	C
96	e20	e63	C
96	e21	e22	C
96	e21	e54	C
96	e21	e56	C
96	e21	e63	C
96	e22	e54	C
96	e22	e56	C
96	e22	e63	C
96	e24	e32	C
96	e24	e134	C
96	e24	e148	C
96	e24	e164	C
96	e24	e167	C
96	e24	e196	C
96	e32	e86	C
96	e32	e134	C
96	e32	e148	C
96	e32	e164	C
96	e32	e167	C
96	e32	e196	C
96	e34	e46	C
96	e35	e65	C
96	e35	e89	C
96	e35	e90	C
96	e35	e96	C
96	e35	e158	C
96	e35	e200	C
96	e36	e101	C
96	e36	e117	C
96	e36	e160	C
96	e36	e165	C
96	e36	e214	C
96	e37	e38	C
96	e37	e44	C
96	e37	e93	C
96	e37	e106	C
96	e37	e113	C
96	e37	e183	C
96	e38	e44	C
96	e38	e93	C
96	e38	e106	C
96	e38	e113	C
96	e38	e183	C
96	e39	e107	C
96	e40	e45	C
96	e40	e136	C
96	e40	e179	C
96	e40	e222	C
96	e44	e93	C
96	e44	e106	C
96	e44	e113	C
96	e44	e183	C
96	e45	e136	C
96	e45	e179	C
96	e45	e222	C
96	e54	e56	C
96	e54	e63	C
96	e65	e158	C
96	e66	e67	C
96	e66	e100	C
96	e66	e153	C
96	e67	e100	C
96	e67	e153	C
96	e74	e77	C
96	e75	e76	C
96	e77	e82	C
96	e84	e85	C
96	e84	e169	C
96	e85	e169	C
96	e86	e134	C
96	e86	e148	C
96	e86	e164	C
96	e86	e167	C
96	e86	e196	C
96	e87	e159	C
96	e87	e208	C
96	e89	e158	C
96	e90	e158	C
96	e91	e92	C
96	e93	e106	C
96	e93	e113	C
96	e93	e183	C
96	e95	e157	C
96	e96	e158	C
96	e97	e163	C
96	e99	e104	C
96	e99	e110	C
96	e99	e173	C
96	e100	e153	C
96	e101	e117	C
96	e101	e160	C
96	e101	e165	C
96	e101	e214	C
96	e104	e110	C
96	e104	e173	C
96	e106	e113	C
96	e106	e183	C
96	e109	e233	C
96	e110	e173	C
96	e113	e183	C
96	e114	e118	C
96	e115	e119	C
96	e116	e120	C
96	e116	e125	C
96	e116	e130	C
96	e117	e160	C
96	e117	e165	C
96	e117	e214	C
96	e120	e130	C
96	e121	e126	C
96	e121	e131	C
96	e122	e132	C
96	e125	e130	C
96	e126	e131	C
96	e127	e132	C
96	e129	e156	C
96	e132	e203	C
96	e134	e148	C
96	e134	e164	C
96	e134	e167	C
96	e134	e196	C
96	e135	e161	C
96	e135	e166	C
96	e135	e188	C
96	e136	e179	C
96	e136	e222	C
96	e142	e219	C
96	e143	e220	C
96	e147	e195	C
96	e148	e164	C
96	e148	e167	C
96	e148	e196	C
96	e158	e200	C
96	e159	e208	C
96	e160	e165	C
96	e160	e214	C
96	e161	e166	C
96	e161	e188	C
96	e164	e167	C
96	e164	e196	C
96	e165	e214	C
96	e166	e188	C
96	e167	e196	C
96	e171	e190	C
96	e174	e185	C
96	e174	e189	C
96	e174	e197	C
96	e174	e199	C
96	e178	e180	C
96	e179	e222	C
96	e185	e189	C
96	e185	e197	C
96	e185	e199	C
96	e189	e197	C
96	e189	e199	C
96	e191	e194	C
96	e197	e199	C
96	e209	e213	C
96	e224	e229	C
96	e224	e235	C
96	e226	e231	C
96	e227	e232	C
96	e229	e235	C
96	e24	e86	C
96	e65	e200	C
96	e74	e82	C
96	e89	e200	C
96	e90	e200	C
96	e96	e200	C
96	e122	e203	C
96	e127	e203	C
96	e1	e78	NC
96	e3	e45	NC
96	e3	e211	NC
96	e6	e195	NC
96	e10	e223	NC
96	e11	e134	NC
96	e12	e227	NC
96	e13	e121	NC
96	e13	e164	NC
96	e15	e100	NC
96	e16	e57	NC
96	e16	e130	NC
96	e17	e214	NC
96	e18	e109	NC
96	e19	e17	NC
96	e19	e205	NC
96	e20	e17	NC
96	e23	e35	NC
96	e23	e113	NC
96	e29	e88	NC
96	e30	e80	NC
96	e31	e15	NC
96	e31	e205	NC
96	e33	e0	NC
96	e34	e175	NC
96	e36	e17	NC
96	e37	e229	NC
96	e38	e227	NC
96	e41	e219	NC
96	e42	e111	NC
96	e49	e163	NC
96	e50	e19	NC
96	e50	e154	NC
96	e51	e72	NC
96	e51	e102	NC
96	e52	e62	NC
96	e53	e167	NC
96	e54	e121	NC
96	e56	e79	NC
96	e56	e154	NC
96	e59	e111	NC
96	e59	e217	NC
96	e61	e81	NC
96	e61	e204	NC
96	e62	e204	NC
96	e63	e148	NC
96	e65	e175	NC
96	e66	e22	NC
96	e68	e24	NC
96	e69	e13	NC
96	e70	e136	NC
96	e73	e39	NC
96	e73	e159	NC
96	e75	e185	NC
96	e78	e18	NC
96	e78	e157	NC
96	e78	e227	NC
96	e79	e100	NC
96	e79	e226	NC
96	e80	e140	NC
96	e82	e219	NC
96	e83	e237	NC
96	e85	e38	NC
96	e86	e50	NC
96	e88	e75	NC
96	e89	e62	NC
96	e92	e3	NC
96	e94	e139	NC
96	e94	e222	NC
96	e94	e224	NC
96	e95	e12	NC
96	e95	e20	NC
96	e95	e237	NC
96	e96	e168	NC
96	e97	e110	NC
96	e100	e197	NC
96	e101	e121	NC
96	e101	e161	NC
96	e104	e224	NC
96	e105	e111	NC
96	e105	e143	NC
96	e106	e62	NC
96	e107	e15	NC
96	e107	e47	NC
96	e107	e116	NC
96	e109	e53	NC
96	e109	e147	NC
96	e110	e75	NC
96	e115	e33	NC
96	e115	e224	NC
96	e117	e177	NC
96	e118	e207	NC
96	e119	e111	NC
96	e121	e236	NC
96	e128	e2	NC
96	e129	e95	NC
96	e129	e119	NC
96	e130	e61	NC
96	e130	e170	NC
96	e132	e20	NC
96	e132	e29	NC
96	e132	e112	NC
96	e132	e146	NC
96	e132	e197	NC
96	e132	e215	NC
96	e133	e119	NC
96	e133	e128	NC
96	e134	e66	NC
96	e136	e190	NC
96	e140	e145	NC
96	e145	e136	NC
96	e148	e77	NC
96	e148	e186	NC
96	e153	e38	NC
96	e153	e169	NC
96	e153	e176	NC
96	e154	e151	NC
96	e155	e34	NC
96	e156	e88	NC
96	e157	e12	NC
96	e158	e66	NC
96	e159	e175	NC
96	e160	e123	NC
96	e160	e131	NC
96	e161	e25	NC
96	e161	e215	NC
96	e161	e229	NC
96	e162	e200	NC
96	e163	e85	NC
96	e163	e232	NC
96	e164	e69	NC
96	e164	e212	NC
96	e165	e14	NC
96	e168	e5	NC
96	e168	e78	NC
96	e168	e136	NC
96	e168	e209	NC
96	e169	e77	NC
96	e169	e231	NC
96	e171	e89	NC
96	e172	e95	NC
96	e173	e228	NC
96	e174	e58	NC
96	e175	e42	NC
96	e175	e62	NC
96	e175	e82	NC
96	e175	e172	NC
96	e176	e44	NC
96	e177	e102	NC
96	e178	e40	NC
96	e180	e187	NC
96	e181	e23	NC
96	e182	e95	NC
96	e182	e195	NC
96	e182	e207	NC
96	e187	e132	NC
96	e188	e233	NC
96	e189	e25	NC
96	e189	e63	NC
96	e190	e50	NC
96	e191	e36	NC
96	e191	e164	NC
96	e194	e88	NC
96	e195	e49	NC
96	e195	e77	NC
96	e196	e28	NC
96	e196	e221	NC
96	e197	e58	NC
96	e199	e71	NC
96	e200	e160	NC
96	e202	e89	NC
96	e204	e12	NC
96	e205	e169	NC
96	e206	e57	NC
96	e206	e67	NC
96	e208	e29	NC
96	e208	e47	NC
96	e211	e71	NC
96	e212	e50	NC
96	e215	e31	NC
96	e215	e66	NC
96	e218	e69	NC
96	e219	e148	NC
96	e219	e227	NC
96	e222	e119	NC
96	e222	e202	NC
96	e224	e10	NC
96	e224	e137	NC
96	e227	e38	NC
96	e227	e94	NC
96	e227	e185	NC
96	e228	e53	NC
96	e228	e82	NC
96	e230	e55	NC
96	e232	e186	NC
96	e236	e182	NC
96	e238	e52	NC
97	e7	e8	C
97	e7	e13	C
97	e7	e15	C
97	e7	e163	C
97	e8	e13	C
97	e8	e15	C
97	e8	e163	C
97	e10	e161	C
97	e11	e151	C
97	e12	e152	C
97	e13	e15	C
97	e13	e163	C
97	e14	e16	C
97	e15	e163	C
97	e17	e21	C
97	e18	e22	C
97	e19	e23	C
97	e20	e24	C
97	e20	e58	C
97	e20	e126	C
97	e24	e58	C
97	e24	e126	C
97	e29	e55	C
97	e29	e63	C
97	e29	e99	C
97	e30	e32	C
97	e31	e55	C
97	e31	e63	C
97	e31	e99	C
97	e34	e109	C
97	e35	e70	C
97	e35	e110	C
97	e35	e114	C
97	e35	e139	C
97	e36	e106	C
97	e36	e135	C
97	e36	e146	C
97	e38	e39	C
97	e41	e104	C
97	e41	e108	C
97	e43	e104	C
97	e43	e108	C
97	e44	e104	C
97	e44	e108	C
97	e47	e105	C
97	e49	e104	C
97	e49	e108	C
97	e51	e116	C
97	e52	e54	C
97	e52	e56	C
97	e52	e64	C
97	e52	e68	C
97	e52	e112	C
97	e52	e117	C
97	e52	e119	C
97	e52	e121	C
97	e52	e137	C
97	e54	e56	C
97	e54	e64	C
97	e54	e68	C
97	e54	e112	C
97	e54	e117	C
97	e54	e119	C
97	e54	e121	C
97	e54	e137	C
97	e55	e63	C
97	e55	e99	C
97	e56	e64	C
97	e56	e68	C
97	e56	e112	C
97	e56	e117	C
97	e56	e119	C
97	e56	e121	C
97	e56	e137	C
97	e58	e126	C
97	e63	e99	C
97	e64	e68	C
97	e64	e112	C
97	e64	e117	C
97	e64	e119	C
97	e64	e121	C
97	e64	e137	C
97	e65	e109	C
97	e66	e133	C
97	e68	e112	C
97	e68	e117	C
97	e68	e119	C
97	e68	e121	C
97	e68	e137	C
97	e70	e110	C
97	e70	e114	C
97	e70	e139	C
97	e74	e104	C
97	e74	e108	C
97	e87	e91	C
97	e88	e90	C
97	e89	e104	C
97	e89	e108	C
97	e94	e104	C
97	e94	e108	C
97	e96	e104	C
97	e96	e108	C
97	e104	e108	C
97	e104	e142	C
97	e104	e147	C
97	e106	e135	C
97	e106	e146	C
97	e108	e142	C
97	e108	e147	C
97	e109	e113	C
97	e109	e138	C
97	e110	e114	C
97	e110	e139	C
97	e112	e117	C
97	e112	e119	C
97	e112	e121	C
97	e112	e137	C
97	e114	e139	C
97	e117	e119	C
97	e117	e121	C
97	e117	e137	C
97	e119	e121	C
97	e119	e137	C
97	e121	e137	C
97	e127	e130	C
97	e150	e158	C
97	e150	e165	C
97	e154	e156	C
97	e158	e165	C
97	e34	e113	C
97	e34	e138	C
97	e41	e142	C
97	e41	e147	C
97	e43	e142	C
97	e43	e147	C
97	e44	e142	C
97	e44	e147	C
97	e49	e142	C
97	e49	e147	C
97	e65	e113	C
97	e65	e138	C
97	e74	e142	C
97	e74	e147	C
97	e89	e142	C
97	e89	e147	C
97	e94	e142	C
97	e94	e147	C
97	e96	e142	C
97	e96	e147	C
97	e0	e63	NC
97	e1	e105	NC
97	e6	e46	NC
97	e6	e62	NC
97	e9	e1	NC
97	e9	e155	NC
97	e10	e50	NC
97	e10	e156	NC
97	e11	e150	NC
97	e12	e80	NC
97	e16	e49	NC
97	e17	e25	NC
97	e17	e41	NC
97	e18	e76	NC
97	e20	e61	NC
97	e23	e133	NC
97	e27	e5	NC
97	e27	e115	NC
97	e27	e129	NC
97	e28	e4	NC
97	e28	e102	NC
97	e28	e112	NC
97	e28	e116	NC
97	e29	e45	NC
97	e30	e15	NC
97	e32	e67	NC
97	e34	e66	NC
97	e37	e7	NC
97	e37	e55	NC
97	e37	e165	NC
97	e39	e91	NC
97	e41	e25	NC
97	e42	e63	NC
97	e43	e67	NC
97	e45	e67	NC
97	e45	e76	NC
97	e46	e94	NC
97	e50	e17	NC
97	e50	e29	NC
97	e50	e63	NC
97	e50	e150	NC
97	e51	e15	NC
97	e52	e70	NC
97	e55	e94	NC
97	e55	e112	NC
97	e56	e23	NC
97	e56	e125	NC
97	e56	e146	NC
97	e57	e157	NC
97	e58	e124	NC
97	e59	e1	NC
97	e59	e60	NC
97	e60	e100	NC
97	e61	e16	NC
97	e61	e129	NC
97	e62	e70	NC
97	e63	e114	NC
97	e64	e103	NC
97	e66	e109	NC
97	e66	e135	NC
97	e67	e79	NC
97	e67	e164	NC
97	e68	e34	NC
97	e69	e148	NC
97	e70	e107	NC
97	e75	e139	NC
97	e76	e106	NC
97	e78	e135	NC
97	e79	e75	NC
97	e81	e82	NC
97	e81	e125	NC
97	e83	e111	NC
97	e86	e42	NC
97	e88	e7	NC
97	e90	e99	NC
97	e90	e120	NC
97	e93	e43	NC
97	e93	e110	NC
97	e94	e146	NC
97	e98	e66	NC
97	e100	e101	NC
97	e101	e163	NC
97	e103	e154	NC
97	e104	e10	NC
97	e104	e83	NC
97	e104	e122	NC
97	e104	e146	NC
97	e105	e119	NC
97	e106	e26	NC
97	e106	e110	NC
97	e106	e129	NC
97	e108	e155	NC
97	e109	e33	NC
97	e109	e47	NC
97	e111	e147	NC
97	e112	e28	NC
97	e113	e163	NC
97	e114	e1	NC
97	e117	e11	NC
97	e121	e122	NC
97	e122	e124	NC
97	e123	e4	NC
97	e124	e133	NC
97	e126	e148	NC
97	e126	e160	NC
97	e127	e147	NC
97	e128	e83	NC
97	e129	e3	NC
97	e129	e29	NC
97	e129	e71	NC
97	e129	e133	NC
97	e130	e26	NC
97	e130	e49	NC
97	e130	e65	NC
97	e131	e22	NC
97	e131	e30	NC
97	e133	e124	NC
97	e133	e146	NC
97	e135	e56	NC
97	e135	e141	NC
97	e136	e28	NC
97	e137	e19	NC
97	e137	e21	NC
97	e137	e27	NC
97	e137	e74	NC
97	e138	e28	NC
97	e139	e24	NC
97	e139	e55	NC
97	e141	e3	NC
97	e142	e128	NC
97	e143	e10	NC
97	e143	e97	NC
97	e144	e139	NC
97	e145	e108	NC
97	e145	e136	NC
97	e147	e63	NC
97	e148	e17	NC
97	e149	e161	NC
97	e150	e45	NC
97	e150	e159	NC
97	e154	e46	NC
97	e154	e105	NC
97	e155	e134	NC
97	e158	e81	NC
97	e160	e98	NC
97	e160	e104	NC
97	e161	e9	NC
97	e163	e140	NC
97	e165	e74	NC
98	e1	e3	C
98	e6	e233	C
98	e7	e10	C
98	e7	e25	C
98	e7	e38	C
98	e7	e41	C
98	e8	e11	C
98	e10	e25	C
98	e10	e38	C
98	e10	e41	C
98	e12	e261	C
98	e12	e265	C
98	e13	e296	C
98	e18	e35	C
98	e18	e48	C
98	e18	e55	C
98	e18	e58	C
98	e18	e135	C
98	e18	e155	C
98	e18	e162	C
98	e18	e301	C
98	e18	e317	C
98	e18	e326	C
98	e19	e75	C
98	e23	e75	C
98	e24	e57	C
98	e24	e134	C
98	e25	e38	C
98	e25	e41	C
98	e26	e173	C
98	e26	e293	C
98	e32	e246	C
98	e33	e190	C
98	e34	e159	C
98	e35	e48	C
98	e35	e55	C
98	e35	e58	C
98	e35	e135	C
98	e35	e155	C
98	e35	e162	C
98	e35	e301	C
98	e35	e317	C
98	e35	e326	C
98	e37	e57	C
98	e37	e134	C
98	e38	e41	C
98	e39	e44	C
98	e42	e59	C
98	e43	e189	C
98	e43	e206	C
98	e43	e216	C
98	e43	e222	C
98	e48	e55	C
98	e48	e58	C
98	e48	e135	C
98	e48	e155	C
98	e48	e162	C
98	e48	e301	C
98	e48	e317	C
98	e48	e326	C
98	e51	e189	C
98	e51	e206	C
98	e51	e216	C
98	e51	e222	C
98	e54	e57	C
98	e54	e134	C
98	e55	e58	C
98	e55	e135	C
98	e55	e155	C
98	e55	e162	C
98	e55	e301	C
98	e55	e317	C
98	e55	e326	C
98	e56	e170	C
98	e57	e134	C
98	e58	e135	C
98	e58	e155	C
98	e58	e162	C
98	e58	e301	C
98	e58	e317	C
98	e58	e326	C
98	e65	e72	C
98	e66	e69	C
98	e66	e123	C
98	e66	e172	C
98	e66	e251	C
98	e66	e263	C
98	e66	e268	C
98	e68	e72	C
98	e69	e123	C
98	e69	e172	C
98	e69	e251	C
98	e69	e263	C
98	e69	e268	C
98	e70	e80	C
98	e70	e132	C
98	e74	e76	C
98	e74	e81	C
98	e75	e148	C
98	e76	e81	C
98	e78	e130	C
98	e79	e86	C
98	e80	e132	C
98	e84	e227	C
98	e85	e109	C
98	e90	e122	C
98	e94	e220	C
98	e98	e101	C
98	e98	e110	C
98	e98	e113	C
98	e99	e102	C
98	e99	e111	C
98	e99	e114	C
98	e100	e103	C
98	e100	e112	C
98	e100	e115	C
98	e101	e110	C
98	e101	e113	C
98	e102	e111	C
98	e102	e114	C
98	e103	e112	C
98	e103	e115	C
98	e104	e121	C
98	e110	e113	C
98	e111	e114	C
98	e112	e115	C
98	e123	e172	C
98	e123	e251	C
98	e123	e263	C
98	e123	e268	C
98	e131	e142	C
98	e135	e155	C
98	e135	e162	C
98	e135	e301	C
98	e135	e317	C
98	e135	e326	C
98	e139	e140	C
98	e139	e143	C
98	e139	e321	C
98	e140	e143	C
98	e140	e321	C
98	e143	e321	C
98	e144	e269	C
98	e145	e249	C
98	e147	e242	C
98	e147	e299	C
98	e149	e159	C
98	e150	e177	C
98	e150	e187	C
98	e151	e234	C
98	e152	e160	C
98	e153	e229	C
98	e153	e248	C
98	e155	e162	C
98	e155	e301	C
98	e155	e317	C
98	e155	e326	C
98	e159	e314	C
98	e161	e316	C
98	e161	e325	C
98	e162	e301	C
98	e162	e317	C
98	e162	e326	C
98	e167	e226	C
98	e167	e236	C
98	e168	e249	C
98	e172	e251	C
98	e172	e263	C
98	e172	e268	C
98	e173	e293	C
98	e175	e189	C
98	e175	e206	C
98	e175	e216	C
98	e175	e222	C
98	e177	e187	C
98	e180	e224	C
98	e183	e189	C
98	e183	e206	C
98	e183	e216	C
98	e183	e222	C
98	e188	e196	C
98	e188	e200	C
98	e189	e206	C
98	e189	e216	C
98	e189	e222	C
98	e189	e309	C
98	e191	e275	C
98	e196	e200	C
98	e197	e205	C
98	e197	e207	C
98	e197	e217	C
98	e201	e203	C
98	e201	e213	C
98	e202	e204	C
98	e203	e213	C
98	e205	e207	C
98	e205	e217	C
98	e206	e216	C
98	e206	e222	C
98	e206	e309	C
98	e207	e217	C
98	e208	e240	C
98	e208	e284	C
98	e208	e289	C
98	e216	e222	C
98	e216	e309	C
98	e218	e219	C
98	e222	e309	C
98	e226	e236	C
98	e228	e235	C
98	e229	e248	C
98	e230	e243	C
98	e234	e283	C
98	e235	e247	C
98	e242	e299	C
98	e249	e270	C
98	e249	e273	C
98	e249	e292	C
98	e250	e262	C
98	e250	e267	C
98	e251	e263	C
98	e251	e268	C
98	e253	e254	C
98	e253	e256	C
98	e253	e257	C
98	e253	e259	C
98	e254	e256	C
98	e254	e257	C
98	e254	e259	C
98	e256	e257	C
98	e256	e259	C
98	e257	e259	C
98	e260	e264	C
98	e261	e265	C
98	e262	e267	C
98	e263	e268	C
98	e301	e317	C
98	e301	e326	C
98	e307	e318	C
98	e308	e319	C
98	e316	e325	C
98	e317	e326	C
98	e19	e148	C
98	e23	e148	C
98	e34	e314	C
98	e43	e309	C
98	e51	e309	C
98	e145	e270	C
98	e145	e273	C
98	e145	e292	C
98	e149	e314	C
98	e151	e283	C
98	e168	e270	C
98	e168	e273	C
98	e168	e292	C
98	e175	e309	C
98	e183	e309	C
98	e228	e247	C
98	e2	e52	NC
98	e3	e220	NC
98	e6	e165	NC
98	e11	e94	NC
98	e11	e270	NC
98	e12	e105	NC
98	e12	e268	NC
98	e14	e28	NC
98	e16	e146	NC
98	e18	e310	NC
98	e23	e77	NC
98	e26	e142	NC
98	e27	e324	NC
98	e28	e211	NC
98	e30	e219	NC
98	e30	e298	NC
98	e32	e108	NC
98	e33	e8	NC
98	e33	e102	NC
98	e37	e20	NC
98	e37	e130	NC
98	e37	e240	NC
98	e38	e33	NC
98	e38	e58	NC
98	e38	e109	NC
98	e40	e181	NC
98	e40	e308	NC
98	e41	e24	NC
98	e41	e312	NC
98	e42	e118	NC
98	e42	e143	NC
98	e43	e61	NC
98	e43	e179	NC
98	e44	e213	NC
98	e44	e256	NC
98	e44	e314	NC
98	e46	e275	NC
98	e47	e162	NC
98	e47	e255	NC
98	e48	e8	NC
98	e49	e311	NC
98	e51	e146	NC
98	e52	e196	NC
98	e55	e98	NC
98	e56	e183	NC
98	e58	e112	NC
98	e59	e196	NC
98	e59	e298	NC
98	e60	e31	NC
98	e60	e85	NC
98	e61	e55	NC
98	e61	e143	NC
98	e62	e307	NC
98	e65	e112	NC
98	e65	e219	NC
98	e65	e243	NC
98	e67	e40	NC
98	e67	e150	NC
98	e69	e237	NC
98	e70	e208	NC
98	e71	e196	NC
98	e72	e37	NC
98	e72	e111	NC
98	e72	e246	NC
98	e74	e128	NC
98	e78	e101	NC
98	e78	e299	NC
98	e79	e69	NC
98	e80	e21	NC
98	e80	e275	NC
98	e81	e153	NC
98	e82	e231	NC
98	e83	e88	NC
98	e84	e111	NC
98	e84	e178	NC
98	e86	e49	NC
98	e91	e62	NC
98	e94	e146	NC
98	e94	e206	NC
98	e95	e318	NC
98	e98	e116	NC
98	e99	e95	NC
98	e99	e306	NC
98	e100	e79	NC
98	e104	e146	NC
98	e106	e171	NC
98	e106	e261	NC
98	e110	e29	NC
98	e110	e34	NC
98	e111	e139	NC
98	e112	e117	NC
98	e114	e161	NC
98	e114	e275	NC
98	e116	e69	NC
98	e116	e194	NC
98	e117	e93	NC
98	e117	e300	NC
98	e118	e57	NC
98	e118	e81	NC
98	e119	e7	NC
98	e119	e315	NC
98	e120	e211	NC
98	e121	e191	NC
98	e121	e242	NC
98	e122	e85	NC
98	e122	e139	NC
98	e123	e225	NC
98	e128	e60	NC
98	e128	e135	NC
98	e130	e132	NC
98	e131	e295	NC
98	e131	e324	NC
98	e133	e139	NC
98	e135	e43	NC
98	e135	e124	NC
98	e136	e140	NC
98	e136	e172	NC
98	e136	e231	NC
98	e137	e4	NC
98	e138	e272	NC
98	e139	e12	NC
98	e141	e153	NC
98	e143	e123	NC
98	e143	e238	NC
98	e145	e121	NC
98	e148	e325	NC
98	e149	e4	NC
98	e151	e50	NC
98	e151	e311	NC
98	e158	e18	NC
98	e159	e42	NC
98	e161	e214	NC
98	e162	e262	NC
98	e163	e89	NC
98	e164	e228	NC
98	e164	e322	NC
98	e166	e0	NC
98	e166	e43	NC
98	e169	e294	NC
98	e170	e199	NC
98	e171	e149	NC
98	e171	e163	NC
98	e172	e78	NC
98	e173	e34	NC
98	e176	e253	NC
98	e178	e37	NC
98	e183	e79	NC
98	e184	e121	NC
98	e184	e284	NC
98	e185	e251	NC
98	e187	e106	NC
98	e193	e234	NC
98	e194	e72	NC
98	e195	e76	NC
98	e196	e264	NC
98	e196	e317	NC
98	e197	e31	NC
98	e198	e132	NC
98	e199	e163	NC
98	e200	e76	NC
98	e203	e106	NC
98	e204	e164	NC
98	e205	e188	NC
98	e206	e208	NC
98	e207	e200	NC
98	e207	e256	NC
98	e208	e142	NC
98	e212	e67	NC
98	e213	e43	NC
98	e213	e234	NC
98	e214	e49	NC
98	e214	e84	NC
98	e216	e66	NC
98	e216	e172	NC
98	e216	e193	NC
98	e216	e283	NC
98	e217	e23	NC
98	e221	e199	NC
98	e222	e16	NC
98	e222	e190	NC
98	e224	e255	NC
98	e225	e217	NC
98	e225	e308	NC
98	e225	e322	NC
98	e226	e231	NC
98	e228	e116	NC
98	e229	e70	NC
98	e230	e116	NC
98	e231	e93	NC
98	e231	e168	NC
98	e231	e302	NC
98	e232	e117	NC
98	e233	e82	NC
98	e234	e306	NC
98	e235	e35	NC
98	e236	e290	NC
98	e237	e36	NC
98	e237	e220	NC
98	e238	e282	NC
98	e239	e124	NC
98	e239	e223	NC
98	e240	e119	NC
98	e241	e99	NC
98	e241	e136	NC
98	e241	e288	NC
98	e244	e207	NC
98	e246	e155	NC
98	e248	e252	NC
98	e248	e271	NC
98	e249	e167	NC
98	e250	e282	NC
98	e253	e201	NC
98	e257	e189	NC
98	e258	e288	NC
98	e261	e44	NC
98	e262	e318	NC
98	e266	e118	NC
98	e267	e279	NC
98	e268	e144	NC
98	e269	e159	NC
98	e270	e53	NC
98	e270	e136	NC
98	e271	e85	NC
98	e271	e150	NC
98	e272	e271	NC
98	e275	e172	NC
98	e276	e30	NC
98	e276	e53	NC
98	e280	e68	NC
98	e284	e111	NC
98	e286	e264	NC
98	e293	e229	NC
98	e294	e253	NC
98	e296	e259	NC
98	e297	e57	NC
98	e297	e80	NC
98	e298	e103	NC
98	e298	e182	NC
98	e299	e7	NC
98	e300	e35	NC
98	e302	e145	NC
98	e302	e209	NC
98	e302	e282	NC
98	e303	e141	NC
98	e305	e177	NC
98	e305	e245	NC
98	e307	e75	NC
98	e311	e47	NC
98	e312	e10	NC
98	e313	e305	NC
98	e314	e53	NC
98	e314	e312	NC
98	e316	e130	NC
98	e320	e175	NC
98	e322	e96	NC
98	e322	e200	NC
98	e323	e267	NC
98	e323	e311	NC
99	e12	e19	C
99	e12	e248	C
99	e12	e293	C
99	e12	e298	C
99	e13	e160	C
99	e13	e278	C
99	e14	e18	C
99	e14	e291	C
99	e17	e247	C
99	e18	e291	C
99	e19	e248	C
99	e19	e293	C
99	e19	e298	C
99	e20	e22	C
99	e20	e24	C
99	e20	e28	C
99	e20	e41	C
99	e20	e47	C
99	e20	e206	C
99	e20	e284	C
99	e20	e294	C
99	e21	e23	C
99	e21	e45	C
99	e21	e283	C
99	e21	e292	C
99	e22	e24	C
99	e22	e28	C
99	e22	e41	C
99	e22	e47	C
99	e22	e206	C
99	e22	e284	C
99	e22	e294	C
99	e23	e45	C
99	e23	e283	C
99	e23	e292	C
99	e24	e28	C
99	e24	e41	C
99	e24	e47	C
99	e24	e206	C
99	e24	e284	C
99	e24	e294	C
99	e25	e189	C
99	e27	e40	C
99	e27	e100	C
99	e27	e144	C
99	e27	e315	C
99	e28	e41	C
99	e28	e47	C
99	e28	e206	C
99	e28	e284	C
99	e28	e294	C
99	e29	e189	C
99	e30	e75	C
99	e30	e88	C
99	e30	e121	C
99	e30	e132	C
99	e31	e35	C
99	e32	e38	C
99	e34	e71	C
99	e34	e117	C
99	e37	e106	C
99	e37	e150	C
99	e40	e100	C
99	e40	e144	C
99	e40	e315	C
99	e41	e47	C
99	e41	e206	C
99	e41	e284	C
99	e41	e294	C
99	e43	e156	C
99	e45	e283	C
99	e45	e292	C
99	e46	e71	C
99	e46	e117	C
99	e47	e206	C
99	e47	e284	C
99	e47	e294	C
99	e52	e71	C
99	e52	e117	C
99	e53	e59	C
99	e54	e272	C
99	e57	e105	C
99	e61	e107	C
99	e61	e151	C
99	e61	e196	C
99	e61	e233	C
99	e63	e64	C
99	e63	e68	C
99	e63	e109	C
99	e63	e110	C
99	e63	e114	C
99	e64	e68	C
99	e64	e109	C
99	e64	e110	C
99	e64	e114	C
99	e66	e112	C
99	e67	e105	C
99	e68	e109	C
99	e68	e110	C
99	e68	e114	C
99	e69	e71	C
99	e69	e115	C
99	e69	e117	C
99	e70	e116	C
99	e71	e115	C
99	e71	e117	C
99	e72	e80	C
99	e72	e85	C
99	e72	e93	C
99	e72	e118	C
99	e72	e126	C
99	e72	e137	C
99	e73	e86	C
99	e73	e119	C
99	e74	e81	C
99	e74	e87	C
99	e74	e94	C
99	e74	e120	C
99	e74	e127	C
99	e74	e131	C
99	e74	e138	C
99	e75	e88	C
99	e75	e121	C
99	e75	e132	C
99	e75	e205	C
99	e75	e214	C
99	e76	e89	C
99	e76	e122	C
99	e76	e133	C
99	e77	e90	C
99	e77	e123	C
99	e77	e134	C
99	e78	e91	C
99	e78	e124	C
99	e78	e135	C
99	e79	e92	C
99	e79	e125	C
99	e79	e136	C
99	e80	e85	C
99	e80	e93	C
99	e80	e118	C
99	e80	e126	C
99	e80	e137	C
99	e81	e87	C
99	e81	e94	C
99	e81	e120	C
99	e81	e127	C
99	e81	e131	C
99	e81	e138	C
99	e82	e95	C
99	e82	e128	C
99	e82	e139	C
99	e83	e96	C
99	e83	e129	C
99	e83	e140	C
99	e84	e130	C
99	e85	e93	C
99	e85	e118	C
99	e85	e126	C
99	e85	e137	C
99	e86	e119	C
99	e87	e94	C
99	e87	e120	C
99	e87	e127	C
99	e87	e131	C
99	e87	e138	C
99	e88	e121	C
99	e88	e132	C
99	e88	e205	C
99	e88	e214	C
99	e89	e122	C
99	e89	e133	C
99	e90	e123	C
99	e90	e134	C
99	e91	e124	C
99	e91	e135	C
99	e92	e125	C
99	e92	e136	C
99	e93	e118	C
99	e93	e126	C
99	e93	e137	C
99	e94	e120	C
99	e94	e127	C
99	e94	e131	C
99	e94	e138	C
99	e95	e128	C
99	e95	e139	C
99	e96	e129	C
99	e96	e140	C
99	e97	e141	C
99	e98	e142	C
99	e99	e143	C
99	e100	e144	C
99	e100	e315	C
99	e101	e145	C
99	e102	e146	C
99	e103	e147	C
99	e104	e148	C
99	e105	e113	C
99	e105	e149	C
99	e105	e153	C
99	e105	e253	C
99	e105	e322	C
99	e106	e150	C
99	e107	e151	C
99	e107	e196	C
99	e107	e233	C
99	e109	e110	C
99	e109	e114	C
99	e110	e114	C
99	e115	e117	C
99	e118	e126	C
99	e118	e137	C
99	e120	e127	C
99	e120	e131	C
99	e120	e138	C
99	e121	e132	C
99	e121	e205	C
99	e121	e214	C
99	e122	e133	C
99	e123	e134	C
99	e124	e135	C
99	e125	e136	C
99	e126	e137	C
99	e127	e131	C
99	e127	e138	C
99	e128	e139	C
99	e129	e140	C
99	e131	e138	C
99	e132	e205	C
99	e132	e214	C
99	e144	e315	C
99	e151	e196	C
99	e151	e233	C
99	e154	e193	C
99	e155	e157	C
99	e155	e170	C
99	e155	e172	C
99	e155	e177	C
99	e155	e182	C
99	e157	e170	C
99	e157	e172	C
99	e157	e177	C
99	e157	e182	C
99	e159	e180	C
99	e160	e278	C
99	e160	e279	C
99	e160	e285	C
99	e161	e258	C
99	e161	e260	C
99	e170	e172	C
99	e170	e177	C
99	e170	e182	C
99	e171	e181	C
99	e172	e177	C
99	e172	e182	C
99	e173	e178	C
99	e173	e187	C
99	e174	e183	C
99	e174	e185	C
99	e177	e182	C
99	e178	e187	C
99	e183	e185	C
99	e188	e194	C
99	e195	e198	C
99	e195	e199	C
99	e195	e202	C
99	e196	e233	C
99	e198	e199	C
99	e198	e202	C
99	e199	e202	C
99	e200	e239	C
99	e200	e243	C
99	e206	e284	C
99	e206	e294	C
99	e210	e272	C
99	e228	e229	C
99	e228	e234	C
99	e228	e238	C
99	e229	e234	C
99	e229	e238	C
99	e234	e238	C
99	e239	e243	C
99	e240	e244	C
99	e241	e245	C
99	e248	e293	C
99	e248	e298	C
99	e258	e260	C
99	e262	e266	C
99	e263	e295	C
99	e272	e281	C
99	e273	e276	C
99	e274	e277	C
99	e278	e279	C
99	e278	e285	C
99	e283	e292	C
99	e284	e294	C
99	e293	e298	C
99	e299	e302	C
99	e308	e312	C
99	e308	e316	C
99	e308	e324	C
99	e310	e320	C
99	e312	e316	C
99	e312	e324	C
99	e316	e324	C
99	e13	e279	C
99	e13	e285	C
99	e30	e205	C
99	e30	e214	C
99	e34	e115	C
99	e46	e115	C
99	e52	e115	C
99	e54	e281	C
99	e57	e113	C
99	e57	e149	C
99	e57	e153	C
99	e57	e253	C
99	e57	e322	C
99	e67	e113	C
99	e67	e149	C
99	e67	e153	C
99	e67	e253	C
99	e67	e322	C
99	e210	e281	C
99	e0	e254	NC
99	e1	e94	NC
99	e1	e140	NC
99	e1	e152	NC
99	e2	e87	NC
99	e2	e154	NC
99	e2	e231	NC
99	e4	e204	NC
99	e5	e0	NC
99	e5	e50	NC
99	e6	e173	NC
99	e8	e309	NC
99	e10	e93	NC
99	e10	e114	NC
99	e10	e256	NC
99	e11	e135	NC
99	e11	e302	NC
99	e12	e190	NC
99	e12	e273	NC
99	e13	e158	NC
99	e14	e229	NC
99	e15	e33	NC
99	e15	e204	NC
99	e16	e92	NC
99	e16	e125	NC
99	e17	e5	NC
99	e19	e156	NC
99	e19	e202	NC
99	e20	e29	NC
99	e20	e34	NC
99	e20	e317	NC
99	e21	e137	NC
99	e21	e259	NC
99	e22	e29	NC
99	e22	e267	NC
99	e23	e123	NC
99	e24	e54	NC
99	e24	e88	NC
99	e25	e61	NC
99	e25	e230	NC
99	e27	e81	NC
99	e27	e125	NC
99	e29	e315	NC
99	e31	e139	NC
99	e31	e153	NC
99	e31	e221	NC
99	e31	e290	NC
99	e32	e215	NC
99	e32	e304	NC
99	e33	e204	NC
99	e33	e233	NC
99	e34	e277	NC
99	e36	e75	NC
99	e36	e106	NC
99	e38	e119	NC
99	e39	e310	NC
99	e41	e151	NC
99	e41	e253	NC
99	e42	e119	NC
99	e43	e67	NC
99	e43	e308	NC
99	e45	e230	NC
99	e45	e300	NC
99	e50	e207	NC
99	e51	e108	NC
99	e52	e206	NC
99	e55	e50	NC
99	e55	e137	NC
99	e56	e50	NC
99	e57	e148	NC
99	e59	e160	NC
99	e60	e21	NC
99	e63	e232	NC
99	e65	e246	NC
99	e66	e87	NC
99	e67	e78	NC
99	e68	e40	NC
99	e69	e243	NC
99	e70	e148	NC
99	e71	e183	NC
99	e71	e191	NC
99	e72	e141	NC
99	e73	e78	NC
99	e74	e79	NC
99	e74	e318	NC
99	e75	e127	NC
99	e75	e142	NC
99	e76	e161	NC
99	e78	e159	NC
99	e78	e323	NC
99	e79	e5	NC
99	e79	e309	NC
99	e80	e72	NC
99	e82	e14	NC
99	e82	e243	NC
99	e82	e323	NC
99	e83	e6	NC
99	e83	e210	NC
99	e84	e79	NC
99	e84	e251	NC
99	e85	e213	NC
99	e88	e25	NC
99	e88	e140	NC
99	e89	e76	NC
99	e91	e5	NC
99	e91	e39	NC
99	e91	e304	NC
99	e92	e236	NC
99	e92	e270	NC
99	e93	e145	NC
99	e94	e198	NC
99	e94	e313	NC
99	e95	e162	NC
99	e95	e197	NC
99	e96	e126	NC
99	e96	e306	NC
99	e99	e2	NC
99	e99	e211	NC
99	e100	e84	NC
99	e101	e125	NC
99	e103	e18	NC
99	e103	e33	NC
99	e103	e243	NC
99	e104	e243	NC
99	e105	e11	NC
99	e106	e6	NC
99	e106	e320	NC
99	e107	e9	NC
99	e107	e17	NC
99	e107	e79	NC
99	e108	e162	NC
99	e109	e197	NC
99	e109	e248	NC
99	e111	e143	NC
99	e113	e101	NC
99	e113	e276	NC
99	e113	e322	NC
99	e116	e35	NC
99	e118	e114	NC
99	e119	e64	NC
99	e119	e257	NC
99	e122	e84	NC
99	e124	e123	NC
99	e124	e221	NC
99	e126	e170	NC
99	e126	e216	NC
99	e127	e99	NC
99	e128	e15	NC
99	e129	e321	NC
99	e131	e142	NC
99	e132	e69	NC
99	e132	e76	NC
99	e135	e286	NC
99	e137	e81	NC
99	e137	e93	NC
99	e139	e89	NC
99	e140	e30	NC
99	e141	e256	NC
99	e143	e50	NC
99	e143	e98	NC
99	e144	e21	NC
99	e144	e189	NC
99	e144	e299	NC
99	e146	e90	NC
99	e146	e138	NC
99	e146	e237	NC
99	e148	e150	NC
99	e148	e271	NC
99	e149	e124	NC
99	e149	e164	NC
99	e149	e207	NC
99	e150	e163	NC
99	e153	e247	NC
99	e155	e64	NC
99	e155	e245	NC
99	e155	e298	NC
99	e157	e303	NC
99	e158	e141	NC
99	e159	e265	NC
99	e160	e131	NC
99	e161	e31	NC
99	e161	e321	NC
99	e162	e160	NC
99	e163	e205	NC
99	e164	e142	NC
99	e166	e246	NC
99	e166	e263	NC
99	e167	e174	NC
99	e168	e21	NC
99	e168	e156	NC
99	e169	e103	NC
99	e169	e161	NC
99	e170	e153	NC
99	e171	e248	NC
99	e173	e116	NC
99	e175	e28	NC
99	e175	e29	NC
99	e177	e35	NC
99	e178	e45	NC
99	e178	e246	NC
99	e180	e130	NC
99	e180	e195	NC
99	e182	e153	NC
99	e183	e43	NC
99	e184	e7	NC
99	e186	e191	NC
99	e187	e198	NC
99	e190	e93	NC
99	e191	e230	NC
99	e193	e84	NC
99	e193	e205	NC
99	e193	e294	NC
99	e194	e178	NC
99	e195	e137	NC
99	e196	e7	NC
99	e196	e255	NC
99	e196	e322	NC
99	e197	e119	NC
99	e197	e296	NC
99	e201	e120	NC
99	e202	e34	NC
99	e202	e182	NC
99	e203	e195	NC
99	e204	e228	NC
99	e206	e9	NC
99	e207	e228	NC
99	e207	e305	NC
99	e208	e13	NC
99	e209	e83	NC
99	e210	e33	NC
99	e212	e282	NC
99	e213	e93	NC
99	e214	e26	NC
99	e215	e48	NC
99	e215	e324	NC
99	e216	e45	NC
99	e217	e77	NC
99	e218	e26	NC
99	e218	e156	NC
99	e218	e205	NC
99	e219	e88	NC
99	e219	e210	NC
99	e219	e273	NC
99	e221	e243	NC
99	e227	e258	NC
99	e231	e37	NC
99	e234	e324	NC
99	e235	e22	NC
99	e235	e69	NC
99	e236	e118	NC
99	e238	e24	NC
99	e238	e85	NC
99	e238	e320	NC
99	e239	e40	NC
99	e241	e200	NC
99	e242	e14	NC
99	e245	e173	NC
99	e246	e152	NC
99	e247	e27	NC
99	e247	e50	NC
99	e250	e323	NC
99	e251	e42	NC
99	e251	e56	NC
99	e251	e107	NC
99	e251	e250	NC
99	e252	e265	NC
99	e253	e226	NC
99	e253	e293	NC
99	e255	e5	NC
99	e256	e315	NC
99	e257	e273	NC
99	e257	e313	NC
99	e258	e69	NC
99	e258	e72	NC
99	e260	e95	NC
99	e260	e129	NC
99	e260	e315	NC
99	e261	e208	NC
99	e262	e47	NC
99	e262	e311	NC
99	e263	e125	NC
99	e263	e133	NC
99	e265	e256	NC
99	e267	e306	NC
99	e268	e217	NC
99	e269	e77	NC
99	e273	e100	NC
99	e275	e141	NC
99	e276	e80	NC
99	e278	e309	NC
99	e280	e108	NC
99	e281	e116	NC
99	e281	e166	NC
99	e283	e237	NC
99	e285	e47	NC
99	e286	e0	NC
99	e286	e181	NC
99	e287	e251	NC
99	e288	e112	NC
99	e288	e212	NC
99	e289	e4	NC
99	e289	e20	NC
99	e290	e89	NC
99	e296	e18	NC
99	e297	e266	NC
99	e300	e62	NC
99	e301	e70	NC
99	e302	e114	NC
99	e304	e8	NC
99	e304	e320	NC
99	e306	e87	NC
99	e309	e118	NC
99	e309	e266	NC
99	e311	e74	NC
99	e311	e111	NC
99	e312	e322	NC
99	e316	e33	NC
99	e316	e225	NC
99	e317	e309	NC
99	e317	e311	NC
99	e320	e142	NC
99	e321	e101	NC
99	e322	e50	NC
99	e323	e28	NC
99	e324	e120	NC
100	e2	e6	C
100	e4	e8	C
100	e8	e12	C
100	e10	e171	C
100	e13	e17	C
100	e16	e19	C
100	e16	e45	C
100	e16	e82	C
100	e16	e107	C
100	e16	e124	C
100	e16	e179	C
100	e16	e195	C
100	e16	e199	C
100	e16	e258	C
100	e18	e62	C
100	e18	e123	C
100	e18	e212	C
100	e19	e45	C
100	e19	e82	C
100	e19	e107	C
100	e19	e124	C
100	e19	e179	C
100	e19	e195	C
100	e19	e199	C
100	e19	e258	C
100	e22	e67	C
100	e24	e332	C
100	e27	e53	C
100	e27	e125	C
100	e27	e252	C
100	e27	e261	C
100	e28	e173	C
100	e29	e54	C
100	e30	e145	C
100	e32	e322	C
100	e34	e41	C
100	e34	e208	C
100	e34	e217	C
100	e35	e36	C
100	e37	e38	C
100	e39	e262	C
100	e40	e47	C
100	e41	e208	C
100	e41	e217	C
100	e44	e68	C
100	e44	e106	C
100	e44	e178	C
100	e44	e182	C
100	e44	e253	C
100	e44	e288	C
100	e44	e295	C
100	e44	e299	C
100	e45	e82	C
100	e45	e107	C
100	e45	e124	C
100	e45	e179	C
100	e45	e195	C
100	e45	e199	C
100	e45	e258	C
100	e46	e52	C
100	e46	e225	C
100	e48	e81	C
100	e50	e119	C
100	e50	e147	C
100	e50	e174	C
100	e52	e225	C
100	e53	e125	C
100	e53	e252	C
100	e53	e261	C
100	e56	e228	C
100	e56	e234	C
100	e57	e230	C
100	e57	e236	C
100	e60	e181	C
100	e61	e78	C
100	e61	e323	C
100	e61	e327	C
100	e61	e341	C
100	e62	e123	C
100	e62	e212	C
100	e68	e106	C
100	e68	e178	C
100	e68	e182	C
100	e68	e295	C
100	e69	e115	C
100	e73	e254	C
100	e78	e323	C
100	e78	e327	C
100	e78	e341	C
100	e80	e145	C
100	e82	e107	C
100	e82	e124	C
100	e82	e179	C
100	e82	e195	C
100	e82	e199	C
100	e82	e258	C
100	e84	e290	C
100	e87	e95	C
100	e88	e131	C
100	e88	e263	C
100	e88	e264	C
100	e89	e91	C
100	e94	e294	C
100	e96	e181	C
100	e99	e173	C
100	e104	e181	C
100	e106	e178	C
100	e106	e182	C
100	e106	e253	C
100	e106	e288	C
100	e106	e295	C
100	e106	e299	C
100	e107	e124	C
100	e107	e179	C
100	e107	e195	C
100	e107	e199	C
100	e107	e258	C
100	e113	e160	C
100	e113	e172	C
100	e114	e138	C
100	e114	e163	C
100	e114	e166	C
100	e114	e250	C
100	e116	e133	C
100	e118	e148	C
100	e118	e194	C
100	e118	e198	C
100	e118	e257	C
100	e120	e169	C
100	e121	e134	C
100	e121	e169	C
100	e122	e204	C
100	e122	e210	C
100	e122	e220	C
100	e122	e222	C
100	e123	e212	C
100	e124	e179	C
100	e124	e195	C
100	e124	e199	C
100	e124	e258	C
100	e125	e252	C
100	e125	e261	C
100	e131	e263	C
100	e131	e264	C
100	e132	e183	C
100	e134	e154	C
100	e134	e169	C
100	e134	e343	C
100	e135	e141	C
100	e138	e163	C
100	e138	e166	C
100	e144	e262	C
100	e145	e219	C
100	e145	e227	C
100	e145	e233	C
100	e148	e194	C
100	e148	e198	C
100	e148	e257	C
100	e151	e159	C
100	e154	e169	C
100	e160	e172	C
100	e160	e218	C
100	e160	e313	C
100	e161	e205	C
100	e161	e211	C
100	e163	e166	C
100	e163	e250	C
100	e164	e165	C
100	e166	e250	C
100	e167	e168	C
100	e169	e226	C
100	e169	e259	C
100	e169	e343	C
100	e172	e218	C
100	e172	e313	C
100	e173	e248	C
100	e173	e331	C
100	e177	e256	C
100	e178	e182	C
100	e178	e253	C
100	e178	e288	C
100	e178	e295	C
100	e178	e299	C
100	e179	e195	C
100	e179	e199	C
100	e179	e258	C
100	e181	e240	C
100	e181	e320	C
100	e181	e333	C
100	e182	e253	C
100	e182	e288	C
100	e182	e295	C
100	e182	e299	C
100	e184	e262	C
100	e187	e192	C
100	e191	e200	C
100	e194	e198	C
100	e194	e257	C
100	e195	e199	C
100	e195	e258	C
100	e196	e200	C
100	e198	e257	C
100	e199	e258	C
100	e200	e326	C
100	e204	e210	C
100	e204	e220	C
100	e204	e222	C
100	e206	e215	C
100	e206	e311	C
100	e208	e217	C
100	e210	e220	C
100	e210	e222	C
100	e215	e311	C
100	e220	e222	C
100	e228	e234	C
100	e229	e235	C
100	e230	e236	C
100	e231	e237	C
100	e232	e238	C
100	e243	e280	C
100	e252	e261	C
100	e253	e295	C
100	e260	e319	C
100	e263	e264	C
100	e272	e276	C
100	e288	e295	C
100	e295	e299	C
100	e296	e349	C
100	e317	e336	C
100	e317	e339	C
100	e317	e347	C
100	e323	e327	C
100	e323	e341	C
100	e327	e341	C
100	e336	e339	C
100	e336	e347	C
100	e339	e347	C
100	e344	e350	C
100	e4	e12	C
100	e28	e248	C
100	e28	e331	C
100	e30	e219	C
100	e30	e227	C
100	e30	e233	C
100	e60	e240	C
100	e60	e320	C
100	e60	e333	C
100	e68	e253	C
100	e68	e288	C
100	e68	e299	C
100	e80	e219	C
100	e80	e227	C
100	e80	e233	C
100	e96	e240	C
100	e96	e320	C
100	e96	e333	C
100	e99	e248	C
100	e99	e331	C
100	e104	e240	C
100	e104	e320	C
100	e104	e333	C
100	e113	e218	C
100	e113	e313	C
100	e120	e226	C
100	e120	e259	C
100	e120	e343	C
100	e121	e154	C
100	e121	e343	C
100	e121	e226	C
100	e121	e259	C
100	e134	e226	C
100	e134	e259	C
100	e138	e250	C
100	e154	e226	C
100	e154	e259	C
100	e154	e343	C
100	e191	e326	C
100	e196	e326	C
100	e253	e299	C
100	e288	e299	C
100	e1	e148	NC
100	e4	e257	NC
100	e4	e323	NC
100	e6	e279	NC
100	e7	e158	NC
100	e7	e209	NC
100	e7	e227	NC
100	e7	e230	NC
100	e10	e28	NC
100	e12	e38	NC
100	e14	e5	NC
100	e14	e337	NC
100	e15	e14	NC
100	e16	e237	NC
100	e19	e99	NC
100	e20	e95	NC
100	e21	e43	NC
100	e21	e62	NC
100	e22	e17	NC
100	e27	e75	NC
100	e27	e231	NC
100	e28	e279	NC
100	e36	e165	NC
100	e36	e222	NC
100	e38	e298	NC
100	e39	e71	NC
100	e41	e116	NC
100	e43	e224	NC
100	e45	e98	NC
100	e47	e202	NC
100	e51	e242	NC
100	e52	e298	NC
100	e53	e322	NC
100	e54	e215	NC
100	e56	e222	NC
100	e57	e221	NC
100	e60	e59	NC
100	e60	e204	NC
100	e60	e206	NC
100	e61	e7	NC
100	e63	e80	NC
100	e63	e124	NC
100	e64	e225	NC
100	e65	e332	NC
100	e67	e121	NC
100	e69	e28	NC
100	e71	e58	NC
100	e72	e83	NC
100	e73	e265	NC
100	e75	e37	NC
100	e75	e235	NC
100	e76	e233	NC
100	e77	e194	NC
100	e77	e272	NC
100	e78	e105	NC
100	e79	e95	NC
100	e81	e82	NC
100	e81	e93	NC
100	e82	e336	NC
100	e83	e325	NC
100	e84	e19	NC
100	e84	e230	NC
100	e86	e303	NC
100	e87	e13	NC
100	e87	e315	NC
100	e88	e160	NC
100	e89	e246	NC
100	e92	e215	NC
100	e93	e170	NC
100	e96	e11	NC
100	e98	e11	NC
100	e98	e70	NC
100	e98	e163	NC
100	e98	e164	NC
100	e98	e299	NC
100	e100	e63	NC
100	e100	e327	NC
100	e101	e28	NC
100	e102	e73	NC
100	e102	e235	NC
100	e104	e59	NC
100	e104	e281	NC
100	e106	e209	NC
100	e109	e315	NC
100	e110	e5	NC
100	e110	e155	NC
100	e110	e197	NC
100	e111	e265	NC
100	e114	e125	NC
100	e114	e268	NC
100	e115	e168	NC
100	e115	e224	NC
100	e116	e113	NC
100	e116	e268	NC
100	e122	e98	NC
100	e123	e95	NC
100	e125	e152	NC
100	e126	e117	NC
100	e126	e141	NC
100	e127	e4	NC
100	e128	e307	NC
100	e130	e7	NC
100	e130	e103	NC
100	e130	e269	NC
100	e133	e163	NC
100	e137	e49	NC
100	e137	e257	NC
100	e138	e1	NC
100	e140	e100	NC
100	e142	e26	NC
100	e144	e214	NC
100	e145	e75	NC
100	e147	e281	NC
100	e147	e336	NC
100	e150	e88	NC
100	e150	e274	NC
100	e151	e135	NC
100	e151	e206	NC
100	e151	e317	NC
100	e153	e291	NC
100	e154	e34	NC
100	e154	e315	NC
100	e155	e140	NC
100	e155	e144	NC
100	e156	e214	NC
100	e156	e221	NC
100	e156	e297	NC
100	e157	e72	NC
100	e157	e287	NC
100	e162	e65	NC
100	e162	e72	NC
100	e162	e322	NC
100	e163	e33	NC
100	e164	e57	NC
100	e164	e302	NC
100	e165	e268	NC
100	e165	e299	NC
100	e168	e138	NC
100	e168	e286	NC
100	e172	e65	NC
100	e172	e332	NC
100	e174	e172	NC
100	e175	e94	NC
100	e175	e282	NC
100	e175	e328	NC
100	e178	e117	NC
100	e179	e42	NC
100	e180	e262	NC
100	e181	e18	NC
100	e181	e139	NC
100	e183	e320	NC
100	e185	e223	NC
100	e187	e215	NC
100	e189	e191	NC
100	e190	e234	NC
100	e190	e336	NC
100	e192	e116	NC
100	e193	e306	NC
100	e194	e5	NC
100	e195	e304	NC
100	e196	e172	NC
100	e198	e28	NC
100	e199	e266	NC
100	e199	e294	NC
100	e199	e322	NC
100	e200	e105	NC
100	e201	e57	NC
100	e203	e350	NC
100	e204	e73	NC
100	e205	e287	NC
100	e206	e223	NC
100	e206	e327	NC
100	e207	e155	NC
100	e207	e231	NC
100	e209	e192	NC
100	e210	e337	NC
100	e211	e293	NC
100	e213	e304	NC
100	e218	e46	NC
100	e218	e267	NC
100	e219	e154	NC
100	e219	e286	NC
100	e221	e59	NC
100	e226	e163	NC
100	e226	e306	NC
100	e227	e168	NC
100	e228	e147	NC
100	e228	e318	NC
100	e229	e37	NC
100	e229	e349	NC
100	e230	e190	NC
100	e231	e183	NC
100	e234	e50	NC
100	e234	e201	NC
100	e236	e258	NC
100	e236	e271	NC
100	e237	e193	NC
100	e239	e112	NC
100	e240	e111	NC
100	e243	e252	NC
100	e245	e51	NC
100	e245	e226	NC
100	e248	e115	NC
100	e249	e231	NC
100	e252	e249	NC
100	e254	e267	NC
100	e256	e18	NC
100	e258	e64	NC
100	e259	e243	NC
100	e263	e103	NC
100	e266	e8	NC
100	e267	e46	NC
100	e267	e304	NC
100	e269	e182	NC
100	e270	e191	NC
100	e270	e328	NC
100	e271	e19	NC
100	e273	e76	NC
100	e276	e139	NC
100	e277	e199	NC
100	e280	e195	NC
100	e281	e20	NC
100	e281	e259	NC
100	e283	e48	NC
100	e285	e164	NC
100	e285	e173	NC
100	e286	e126	NC
100	e287	e17	NC
100	e287	e200	NC
100	e288	e217	NC
100	e289	e67	NC
100	e290	e84	NC
100	e292	e18	NC
100	e292	e322	NC
100	e294	e247	NC
100	e294	e350	NC
100	e295	e348	NC
100	e296	e329	NC
100	e298	e26	NC
100	e299	e65	NC
100	e302	e138	NC
100	e304	e153	NC
100	e305	e36	NC
100	e305	e171	NC
100	e307	e210	NC
100	e308	e28	NC
100	e308	e59	NC
100	e308	e61	NC
100	e308	e288	NC
100	e311	e111	NC
100	e311	e268	NC
100	e311	e327	NC
100	e313	e299	NC
100	e315	e20	NC
100	e320	e242	NC
100	e321	e101	NC
100	e321	e330	NC
100	e324	e204	NC
100	e325	e232	NC
100	e327	e4	NC
100	e328	e101	NC
100	e328	e283	NC
100	e329	e180	NC
100	e329	e287	NC
100	e329	e296	NC
100	e331	e298	NC
100	e332	e5	NC
100	e332	e190	NC
100	e334	e70	NC
100	e336	e52	NC
100	e336	e161	NC
100	e337	e266	NC
100	e338	e64	NC
100	e341	e4	NC
100	e341	e18	NC
100	e343	e169	NC
100	e346	e107	NC
100	e346	e228	NC
100	e350	e211	NC
100	e350	e337	NC
